
-- 60 QUESTIONS

INSERT INTO questions (id, question_bank_id, subject_id, type, difficulty, marks, negative_marks, content_json, is_active, created_by) VALUES ('b5020001-0001-4001-a001-000000000001', 'dddddddd-1111-2222-3333-444444444444', 'eeeeeeee-1111-2222-3333-444444444444', 'mcq_single', 'easy', 1, 0, '{"text": "What is the capital of France?"}', true, '8b89adb0-4c6a-4209-924d-89e3216eb59b');
INSERT INTO question_options (id, question_id, option_text, is_correct, display_order) VALUES ('b5020001-a001-4001-a001-000000000001', 'b5020001-0001-4001-a001-000000000001', 'Berlin', false, 1), ('b5020001-a002-4001-a001-000000000001', 'b5020001-0001-4001-a001-000000000001', 'Paris', true, 2), ('b5020001-a003-4001-a001-000000000001', 'b5020001-0001-4001-a001-000000000001', 'Madrid', false, 3), ('b5020001-a004-4001-a001-000000000001', 'b5020001-0001-4001-a001-000000000001', 'Rome', false, 4);
INSERT INTO exam_questions (id, exam_section_id, question_id, display_order, marks, negative_marks) VALUES ('b5020001-e001-4001-a001-000000000001', 'bbbbbbbb-5555-6666-7777-999999999999', 'b5020001-0001-4001-a001-000000000001', 1, 1, 0);

INSERT INTO questions (id, question_bank_id, subject_id, type, difficulty, marks, negative_marks, content_json, is_active, created_by) VALUES ('b5020001-0001-4001-a001-000000000002', 'dddddddd-1111-2222-3333-444444444444', 'eeeeeeee-1111-2222-3333-444444444444', 'mcq_single', 'easy', 1, 0, '{"text": "Which planet is known as the Red Planet?"}', true, '8b89adb0-4c6a-4209-924d-89e3216eb59b');
INSERT INTO question_options (id, question_id, option_text, is_correct, display_order) VALUES ('b5020001-a001-4001-a001-000000000002', 'b5020001-0001-4001-a001-000000000002', 'Venus', false, 1), ('b5020001-a002-4001-a001-000000000002', 'b5020001-0001-4001-a001-000000000002', 'Mars', true, 2), ('b5020001-a003-4001-a001-000000000002', 'b5020001-0001-4001-a001-000000000002', 'Jupiter', false, 3), ('b5020001-a004-4001-a001-000000000002', 'b5020001-0001-4001-a001-000000000002', 'Saturn', false, 4);
INSERT INTO exam_questions (id, exam_section_id, question_id, display_order, marks, negative_marks) VALUES ('b5020001-e001-4001-a001-000000000002', 'bbbbbbbb-5555-6666-7777-999999999999', 'b5020001-0001-4001-a001-000000000002', 2, 1, 0);

INSERT INTO questions (id, question_bank_id, subject_id, type, difficulty, marks, negative_marks, content_json, is_active, created_by) VALUES ('b5020001-0001-4001-a001-000000000003', 'dddddddd-1111-2222-3333-444444444444', 'eeeeeeee-1111-2222-3333-444444444444', 'mcq_single', 'easy', 1, 0, '{"text": "What is the largest ocean on Earth?"}', true, '8b89adb0-4c6a-4209-924d-89e3216eb59b');
INSERT INTO question_options (id, question_id, option_text, is_correct, display_order) VALUES ('b5020001-a001-4001-a001-000000000003', 'b5020001-0001-4001-a001-000000000003', 'Atlantic Ocean', false, 1), ('b5020001-a002-4001-a001-000000000003', 'b5020001-0001-4001-a001-000000000003', 'Indian Ocean', false, 2), ('b5020001-a003-4001-a001-000000000003', 'b5020001-0001-4001-a001-000000000003', 'Pacific Ocean', true, 3), ('b5020001-a004-4001-a001-000000000003', 'b5020001-0001-4001-a001-000000000003', 'Arctic Ocean', false, 4);
INSERT INTO exam_questions (id, exam_section_id, question_id, display_order, marks, negative_marks) VALUES ('b5020001-e001-4001-a001-000000000003', 'bbbbbbbb-5555-6666-7777-999999999999', 'b5020001-0001-4001-a001-000000000003', 3, 1, 0);

INSERT INTO questions (id, question_bank_id, subject_id, type, difficulty, marks, negative_marks, content_json, is_active, created_by) VALUES ('b5020001-0001-4001-a001-000000000004', 'dddddddd-1111-2222-3333-444444444444', 'eeeeeeee-1111-2222-3333-444444444444', 'mcq_single', 'easy', 1, 0, '{"text": "Who wrote Romeo and Juliet?"}', true, '8b89adb0-4c6a-4209-924d-89e3216eb59b');
INSERT INTO question_options (id, question_id, option_text, is_correct, display_order) VALUES ('b5020001-a001-4001-a001-000000000004', 'b5020001-0001-4001-a001-000000000004', 'Charles Dickens', false, 1), ('b5020001-a002-4001-a001-000000000004', 'b5020001-0001-4001-a001-000000000004', 'William Shakespeare', true, 2), ('b5020001-a003-4001-a001-000000000004', 'b5020001-0001-4001-a001-000000000004', 'Mark Twain', false, 3), ('b5020001-a004-4001-a001-000000000004', 'b5020001-0001-4001-a001-000000000004', 'Jane Austen', false, 4);
INSERT INTO exam_questions (id, exam_section_id, question_id, display_order, marks, negative_marks) VALUES ('b5020001-e001-4001-a001-000000000004', 'bbbbbbbb-5555-6666-7777-999999999999', 'b5020001-0001-4001-a001-000000000004', 4, 1, 0);

INSERT INTO questions (id, question_bank_id, subject_id, type, difficulty, marks, negative_marks, content_json, is_active, created_by) VALUES ('b5020001-0001-4001-a001-000000000005', 'dddddddd-1111-2222-3333-444444444444', 'eeeeeeee-1111-2222-3333-444444444444', 'mcq_single', 'easy', 1, 0, '{"text": "What is the chemical symbol for gold?"}', true, '8b89adb0-4c6a-4209-924d-89e3216eb59b');
INSERT INTO question_options (id, question_id, option_text, is_correct, display_order) VALUES ('b5020001-a001-4001-a001-000000000005', 'b5020001-0001-4001-a001-000000000005', 'Go', false, 1), ('b5020001-a002-4001-a001-000000000005', 'b5020001-0001-4001-a001-000000000005', 'Au', true, 2), ('b5020001-a003-4001-a001-000000000005', 'b5020001-0001-4001-a001-000000000005', 'Ag', false, 3), ('b5020001-a004-4001-a001-000000000005', 'b5020001-0001-4001-a001-000000000005', 'Gd', false, 4);
INSERT INTO exam_questions (id, exam_section_id, question_id, display_order, marks, negative_marks) VALUES ('b5020001-e001-4001-a001-000000000005', 'bbbbbbbb-5555-6666-7777-999999999999', 'b5020001-0001-4001-a001-000000000005', 5, 1, 0);

INSERT INTO questions (id, question_bank_id, subject_id, type, difficulty, marks, negative_marks, content_json, is_active, created_by) VALUES ('b5020001-0001-4001-a001-000000000006', 'dddddddd-1111-2222-3333-444444444444', 'eeeeeeee-1111-2222-3333-444444444444', 'mcq_single', 'easy', 1, 0, '{"text": "What is the smallest country in the world?"}', true, '8b89adb0-4c6a-4209-924d-89e3216eb59b');
INSERT INTO question_options (id, question_id, option_text, is_correct, display_order) VALUES ('b5020001-a001-4001-a001-000000000006', 'b5020001-0001-4001-a001-000000000006', 'Russia', false, 1), ('b5020001-a002-4001-a001-000000000006', 'b5020001-0001-4001-a001-000000000006', 'Vatican City', true, 2), ('b5020001-a003-4001-a001-000000000006', 'b5020001-0001-4001-a001-000000000006', 'Monaco', false, 3), ('b5020001-a004-4001-a001-000000000006', 'b5020001-0001-4001-a001-000000000006', 'Liechtenstein', false, 4);
INSERT INTO exam_questions (id, exam_section_id, question_id, display_order, marks, negative_marks) VALUES ('b5020001-e001-4001-a001-000000000006', 'bbbbbbbb-5555-6666-7777-999999999999', 'b5020001-0001-4001-a001-000000000006', 6, 1, 0);

INSERT INTO questions (id, question_bank_id, subject_id, type, difficulty, marks, negative_marks, content_json, is_active, created_by) VALUES ('b5020001-0001-4001-a001-000000000007', 'dddddddd-1111-2222-3333-444444444444', 'eeeeeeee-1111-2222-3333-444444444444', 'mcq_single', 'easy', 1, 0, '{"text": "How many continents are there?"}', true, '8b89adb0-4c6a-4209-924d-89e3216eb59b');
INSERT INTO question_options (id, question_id, option_text, is_correct, display_order) VALUES ('b5020001-a001-4001-a001-000000000007', 'b5020001-0001-4001-a001-000000000007', '5', false, 1), ('b5020001-a002-4001-a001-000000000007', 'b5020001-0001-4001-a001-000000000007', '6', false, 2), ('b5020001-a003-4001-a001-000000000007', 'b5020001-0001-4001-a001-000000000007', '7', true, 3), ('b5020001-a004-4001-a001-000000000007', 'b5020001-0001-4001-a001-000000000007', '8', false, 4);
INSERT INTO exam_questions (id, exam_section_id, question_id, display_order, marks, negative_marks) VALUES ('b5020001-e001-4001-a001-000000000007', 'bbbbbbbb-5555-6666-7777-999999999999', 'b5020001-0001-4001-a001-000000000007', 7, 1, 0);

INSERT INTO questions (id, question_bank_id, subject_id, type, difficulty, marks, negative_marks, content_json, is_active, created_by) VALUES ('b5020001-0001-4001-a001-000000000008', 'dddddddd-1111-2222-3333-444444444444', 'eeeeeeee-1111-2222-3333-444444444444', 'mcq_single', 'easy', 1, 0, '{"text": "What is the hardest natural substance?"}', true, '8b89adb0-4c6a-4209-924d-89e3216eb59b');
INSERT INTO question_options (id, question_id, option_text, is_correct, display_order) VALUES ('b5020001-a001-4001-a001-000000000008', 'b5020001-0001-4001-a001-000000000008', 'Iron', false, 1), ('b5020001-a002-4001-a001-000000000008', 'b5020001-0001-4001-a001-000000000008', 'Granite', false, 2), ('b5020001-a003-4001-a001-000000000008', 'b5020001-0001-4001-a001-000000000008', 'Diamond', true, 3), ('b5020001-a004-4001-a001-000000000008', 'b5020001-0001-4001-a001-000000000008', 'Titanium', false, 4);
INSERT INTO exam_questions (id, exam_section_id, question_id, display_order, marks, negative_marks) VALUES ('b5020001-e001-4001-a001-000000000008', 'bbbbbbbb-5555-6666-7777-999999999999', 'b5020001-0001-4001-a001-000000000008', 8, 1, 0);

INSERT INTO questions (id, question_bank_id, subject_id, type, difficulty, marks, negative_marks, content_json, is_active, created_by) VALUES ('b5020001-0001-4001-a001-000000000009', 'dddddddd-1111-2222-3333-444444444444', 'eeeeeeee-1111-2222-3333-444444444444', 'mcq_single', 'easy', 1, 0, '{"text": "Which gas do plants absorb?"}', true, '8b89adb0-4c6a-4209-924d-89e3216eb59b');
INSERT INTO question_options (id, question_id, option_text, is_correct, display_order) VALUES ('b5020001-a001-4001-a001-000000000009', 'b5020001-0001-4001-a001-000000000009', 'Oxygen', false, 1), ('b5020001-a002-4001-a001-000000000009', 'b5020001-0001-4001-a001-000000000009', 'Carbon Dioxide', true, 2), ('b5020001-a003-4001-a001-000000000009', 'b5020001-0001-4001-a001-000000000009', 'Nitrogen', false, 3), ('b5020001-a004-4001-a001-000000000009', 'b5020001-0001-4001-a001-000000000009', 'Hydrogen', false, 4);
INSERT INTO exam_questions (id, exam_section_id, question_id, display_order, marks, negative_marks) VALUES ('b5020001-e001-4001-a001-000000000009', 'bbbbbbbb-5555-6666-7777-999999999999', 'b5020001-0001-4001-a001-000000000009', 9, 1, 0);

INSERT INTO questions (id, question_bank_id, subject_id, type, difficulty, marks, negative_marks, content_json, is_active, created_by) VALUES ('b5020001-0001-4001-a001-00000000000A', 'dddddddd-1111-2222-3333-444444444444', 'eeeeeeee-1111-2222-3333-444444444444', 'mcq_single', 'easy', 1, 0, '{"text": "What is the speed of light approximately?"}', true, '8b89adb0-4c6a-4209-924d-89e3216eb59b');
INSERT INTO question_options (id, question_id, option_text, is_correct, display_order) VALUES ('b5020001-a001-4001-a001-00000000000A', 'b5020001-0001-4001-a001-00000000000A', '150000 km per second', false, 1), ('b5020001-a002-4001-a001-00000000000A', 'b5020001-0001-4001-a001-00000000000A', '300000 km per second', true, 2), ('b5020001-a003-4001-a001-00000000000A', 'b5020001-0001-4001-a001-00000000000A', '450000 km per second', false, 3), ('b5020001-a004-4001-a001-00000000000A', 'b5020001-0001-4001-a001-00000000000A', '600000 km per second', false, 4);
INSERT INTO exam_questions (id, exam_section_id, question_id, display_order, marks, negative_marks) VALUES ('b5020001-e001-4001-a001-00000000000A', 'bbbbbbbb-5555-6666-7777-999999999999', 'b5020001-0001-4001-a001-00000000000A', 10, 1, 0);

INSERT INTO questions (id, question_bank_id, subject_id, type, difficulty, marks, negative_marks, content_json, is_active, created_by) VALUES ('b5020001-0001-4001-a001-00000000000B', 'dddddddd-1111-2222-3333-444444444444', 'eeeeeeee-1111-2222-3333-444444444444', 'mcq_single', 'easy', 1, 0, '{"text": "Who painted the Mona Lisa?"}', true, '8b89adb0-4c6a-4209-924d-89e3216eb59b');
INSERT INTO question_options (id, question_id, option_text, is_correct, display_order) VALUES ('b5020001-a001-4001-a001-00000000000B', 'b5020001-0001-4001-a001-00000000000B', 'Michelangelo', false, 1), ('b5020001-a002-4001-a001-00000000000B', 'b5020001-0001-4001-a001-00000000000B', 'Leonardo da Vinci', true, 2), ('b5020001-a003-4001-a001-00000000000B', 'b5020001-0001-4001-a001-00000000000B', 'Raphael', false, 3), ('b5020001-a004-4001-a001-00000000000B', 'b5020001-0001-4001-a001-00000000000B', 'Donatello', false, 4);
INSERT INTO exam_questions (id, exam_section_id, question_id, display_order, marks, negative_marks) VALUES ('b5020001-e001-4001-a001-00000000000B', 'bbbbbbbb-5555-6666-7777-999999999999', 'b5020001-0001-4001-a001-00000000000B', 11, 1, 0);

INSERT INTO questions (id, question_bank_id, subject_id, type, difficulty, marks, negative_marks, content_json, is_active, created_by) VALUES ('b5020001-0001-4001-a001-00000000000C', 'dddddddd-1111-2222-3333-444444444444', 'eeeeeeee-1111-2222-3333-444444444444', 'mcq_single', 'easy', 1, 0, '{"text": "What is the largest mammal?"}', true, '8b89adb0-4c6a-4209-924d-89e3216eb59b');
INSERT INTO question_options (id, question_id, option_text, is_correct, display_order) VALUES ('b5020001-a001-4001-a001-00000000000C', 'b5020001-0001-4001-a001-00000000000C', 'Elephant', false, 1), ('b5020001-a002-4001-a001-00000000000C', 'b5020001-0001-4001-a001-00000000000C', 'Blue Whale', true, 2), ('b5020001-a003-4001-a001-00000000000C', 'b5020001-0001-4001-a001-00000000000C', 'Giraffe', false, 3), ('b5020001-a004-4001-a001-00000000000C', 'b5020001-0001-4001-a001-00000000000C', 'Hippopotamus', false, 4);
INSERT INTO exam_questions (id, exam_section_id, question_id, display_order, marks, negative_marks) VALUES ('b5020001-e001-4001-a001-00000000000C', 'bbbbbbbb-5555-6666-7777-999999999999', 'b5020001-0001-4001-a001-00000000000C', 12, 1, 0);

INSERT INTO questions (id, question_bank_id, subject_id, type, difficulty, marks, negative_marks, content_json, is_active, created_by) VALUES ('b5020001-0001-4001-a001-00000000000D', 'dddddddd-1111-2222-3333-444444444444', 'eeeeeeee-1111-2222-3333-444444444444', 'mcq_single', 'easy', 1, 0, '{"text": "How many bones are in the adult human body?"}', true, '8b89adb0-4c6a-4209-924d-89e3216eb59b');
INSERT INTO question_options (id, question_id, option_text, is_correct, display_order) VALUES ('b5020001-a001-4001-a001-00000000000D', 'b5020001-0001-4001-a001-00000000000D', '186', false, 1), ('b5020001-a002-4001-a001-00000000000D', 'b5020001-0001-4001-a001-00000000000D', '206', true, 2), ('b5020001-a003-4001-a001-00000000000D', 'b5020001-0001-4001-a001-00000000000D', '226', false, 3), ('b5020001-a004-4001-a001-00000000000D', 'b5020001-0001-4001-a001-00000000000D', '246', false, 4);
INSERT INTO exam_questions (id, exam_section_id, question_id, display_order, marks, negative_marks) VALUES ('b5020001-e001-4001-a001-00000000000D', 'bbbbbbbb-5555-6666-7777-999999999999', 'b5020001-0001-4001-a001-00000000000D', 13, 1, 0);

INSERT INTO questions (id, question_bank_id, subject_id, type, difficulty, marks, negative_marks, content_json, is_active, created_by) VALUES ('b5020001-0001-4001-a001-00000000000E', 'dddddddd-1111-2222-3333-444444444444', 'eeeeeeee-1111-2222-3333-444444444444', 'mcq_single', 'easy', 1, 0, '{"text": "What is the boiling point of water in Celsius?"}', true, '8b89adb0-4c6a-4209-924d-89e3216eb59b');
INSERT INTO question_options (id, question_id, option_text, is_correct, display_order) VALUES ('b5020001-a001-4001-a001-00000000000E', 'b5020001-0001-4001-a001-00000000000E', '90 degrees', false, 1), ('b5020001-a002-4001-a001-00000000000E', 'b5020001-0001-4001-a001-00000000000E', '100 degrees', true, 2), ('b5020001-a003-4001-a001-00000000000E', 'b5020001-0001-4001-a001-00000000000E', '110 degrees', false, 3), ('b5020001-a004-4001-a001-00000000000E', 'b5020001-0001-4001-a001-00000000000E', '120 degrees', false, 4);
INSERT INTO exam_questions (id, exam_section_id, question_id, display_order, marks, negative_marks) VALUES ('b5020001-e001-4001-a001-00000000000E', 'bbbbbbbb-5555-6666-7777-999999999999', 'b5020001-0001-4001-a001-00000000000E', 14, 1, 0);

INSERT INTO questions (id, question_bank_id, subject_id, type, difficulty, marks, negative_marks, content_json, is_active, created_by) VALUES ('b5020001-0001-4001-a001-00000000000F', 'dddddddd-1111-2222-3333-444444444444', 'eeeeeeee-1111-2222-3333-444444444444', 'mcq_single', 'easy', 1, 0, '{"text": "Which country has the most population?"}', true, '8b89adb0-4c6a-4209-924d-89e3216eb59b');
INSERT INTO question_options (id, question_id, option_text, is_correct, display_order) VALUES ('b5020001-a001-4001-a001-00000000000F', 'b5020001-0001-4001-a001-00000000000F', 'USA', false, 1), ('b5020001-a002-4001-a001-00000000000F', 'b5020001-0001-4001-a001-00000000000F', 'India', true, 2), ('b5020001-a003-4001-a001-00000000000F', 'b5020001-0001-4001-a001-00000000000F', 'China', false, 3), ('b5020001-a004-4001-a001-00000000000F', 'b5020001-0001-4001-a001-00000000000F', 'Indonesia', false, 4);
INSERT INTO exam_questions (id, exam_section_id, question_id, display_order, marks, negative_marks) VALUES ('b5020001-e001-4001-a001-00000000000F', 'bbbbbbbb-5555-6666-7777-999999999999', 'b5020001-0001-4001-a001-00000000000F', 15, 1, 0);

INSERT INTO questions (id, question_bank_id, subject_id, type, difficulty, marks, negative_marks, content_json, is_active, created_by) VALUES ('b5020001-0001-4001-a001-000000000010', 'dddddddd-1111-2222-3333-444444444444', 'eeeeeeee-1111-2222-3333-444444444444', 'mcq_single', 'easy', 1, 0, '{"text": "What year did World War II end?"}', true, '8b89adb0-4c6a-4209-924d-89e3216eb59b');
INSERT INTO question_options (id, question_id, option_text, is_correct, display_order) VALUES ('b5020001-a001-4001-a001-000000000010', 'b5020001-0001-4001-a001-000000000010', '1943', false, 1), ('b5020001-a002-4001-a001-000000000010', 'b5020001-0001-4001-a001-000000000010', '1944', false, 2), ('b5020001-a003-4001-a001-000000000010', 'b5020001-0001-4001-a001-000000000010', '1945', true, 3), ('b5020001-a004-4001-a001-000000000010', 'b5020001-0001-4001-a001-000000000010', '1946', false, 4);
INSERT INTO exam_questions (id, exam_section_id, question_id, display_order, marks, negative_marks) VALUES ('b5020001-e001-4001-a001-000000000010', 'bbbbbbbb-5555-6666-7777-999999999999', 'b5020001-0001-4001-a001-000000000010', 16, 1, 0);

INSERT INTO questions (id, question_bank_id, subject_id, type, difficulty, marks, negative_marks, content_json, is_active, created_by) VALUES ('b5020001-0001-4001-a001-000000000011', 'dddddddd-1111-2222-3333-444444444444', 'eeeeeeee-1111-2222-3333-444444444444', 'mcq_single', 'easy', 1, 0, '{"text": "What is the currency of Japan?"}', true, '8b89adb0-4c6a-4209-924d-89e3216eb59b');
INSERT INTO question_options (id, question_id, option_text, is_correct, display_order) VALUES ('b5020001-a001-4001-a001-000000000011', 'b5020001-0001-4001-a001-000000000011', 'Yuan', false, 1), ('b5020001-a002-4001-a001-000000000011', 'b5020001-0001-4001-a001-000000000011', 'Won', false, 2), ('b5020001-a003-4001-a001-000000000011', 'b5020001-0001-4001-a001-000000000011', 'Yen', true, 3), ('b5020001-a004-4001-a001-000000000011', 'b5020001-0001-4001-a001-000000000011', 'Ringgit', false, 4);
INSERT INTO exam_questions (id, exam_section_id, question_id, display_order, marks, negative_marks) VALUES ('b5020001-e001-4001-a001-000000000011', 'bbbbbbbb-5555-6666-7777-999999999999', 'b5020001-0001-4001-a001-000000000011', 17, 1, 0);

INSERT INTO questions (id, question_bank_id, subject_id, type, difficulty, marks, negative_marks, content_json, is_active, created_by) VALUES ('b5020001-0001-4001-a001-000000000012', 'dddddddd-1111-2222-3333-444444444444', 'eeeeeeee-1111-2222-3333-444444444444', 'mcq_single', 'easy', 1, 0, '{"text": "Who discovered penicillin?"}', true, '8b89adb0-4c6a-4209-924d-89e3216eb59b');
INSERT INTO question_options (id, question_id, option_text, is_correct, display_order) VALUES ('b5020001-a001-4001-a001-000000000012', 'b5020001-0001-4001-a001-000000000012', 'Louis Pasteur', false, 1), ('b5020001-a002-4001-a001-000000000012', 'b5020001-0001-4001-a001-000000000012', 'Alexander Fleming', true, 2), ('b5020001-a003-4001-a001-000000000012', 'b5020001-0001-4001-a001-000000000012', 'Robert Koch', false, 3), ('b5020001-a004-4001-a001-000000000012', 'b5020001-0001-4001-a001-000000000012', 'Joseph Lister', false, 4);
INSERT INTO exam_questions (id, exam_section_id, question_id, display_order, marks, negative_marks) VALUES ('b5020001-e001-4001-a001-000000000012', 'bbbbbbbb-5555-6666-7777-999999999999', 'b5020001-0001-4001-a001-000000000012', 18, 1, 0);

INSERT INTO questions (id, question_bank_id, subject_id, type, difficulty, marks, negative_marks, content_json, is_active, created_by) VALUES ('b5020001-0001-4001-a001-000000000013', 'dddddddd-1111-2222-3333-444444444444', 'eeeeeeee-1111-2222-3333-444444444444', 'mcq_single', 'easy', 1, 0, '{"text": "What is the longest river in the world?"}', true, '8b89adb0-4c6a-4209-924d-89e3216eb59b');
INSERT INTO question_options (id, question_id, option_text, is_correct, display_order) VALUES ('b5020001-a001-4001-a001-000000000013', 'b5020001-0001-4001-a001-000000000013', 'Amazon', false, 1), ('b5020001-a002-4001-a001-000000000013', 'b5020001-0001-4001-a001-000000000013', 'Nile', true, 2), ('b5020001-a003-4001-a001-000000000013', 'b5020001-0001-4001-a001-000000000013', 'Yangtze', false, 3), ('b5020001-a004-4001-a001-000000000013', 'b5020001-0001-4001-a001-000000000013', 'Mississippi', false, 4);
INSERT INTO exam_questions (id, exam_section_id, question_id, display_order, marks, negative_marks) VALUES ('b5020001-e001-4001-a001-000000000013', 'bbbbbbbb-5555-6666-7777-999999999999', 'b5020001-0001-4001-a001-000000000013', 19, 1, 0);

INSERT INTO questions (id, question_bank_id, subject_id, type, difficulty, marks, negative_marks, content_json, is_active, created_by) VALUES ('b5020001-0001-4001-a001-000000000014', 'dddddddd-1111-2222-3333-444444444444', 'eeeeeeee-1111-2222-3333-444444444444', 'mcq_single', 'easy', 1, 0, '{"text": "How many teeth does an adult human have?"}', true, '8b89adb0-4c6a-4209-924d-89e3216eb59b');
INSERT INTO question_options (id, question_id, option_text, is_correct, display_order) VALUES ('b5020001-a001-4001-a001-000000000014', 'b5020001-0001-4001-a001-000000000014', '28', false, 1), ('b5020001-a002-4001-a001-000000000014', 'b5020001-0001-4001-a001-000000000014', '30', false, 2), ('b5020001-a003-4001-a001-000000000014', 'b5020001-0001-4001-a001-000000000014', '32', true, 3), ('b5020001-a004-4001-a001-000000000014', 'b5020001-0001-4001-a001-000000000014', '34', false, 4);
INSERT INTO exam_questions (id, exam_section_id, question_id, display_order, marks, negative_marks) VALUES ('b5020001-e001-4001-a001-000000000014', 'bbbbbbbb-5555-6666-7777-999999999999', 'b5020001-0001-4001-a001-000000000014', 20, 1, 0);

INSERT INTO questions (id, question_bank_id, subject_id, type, difficulty, marks, negative_marks, content_json, is_active, created_by) VALUES ('b5020001-0001-4001-a001-000000000015', 'dddddddd-1111-2222-3333-444444444444', 'eeeeeeee-1111-2222-3333-444444444444', 'mcq_single', 'easy', 1, 0, '{"text": "What is the capital of Australia?"}', true, '8b89adb0-4c6a-4209-924d-89e3216eb59b');
INSERT INTO question_options (id, question_id, option_text, is_correct, display_order) VALUES ('b5020001-a001-4001-a001-000000000015', 'b5020001-0001-4001-a001-000000000015', 'Sydney', false, 1), ('b5020001-a002-4001-a001-000000000015', 'b5020001-0001-4001-a001-000000000015', 'Melbourne', false, 2), ('b5020001-a003-4001-a001-000000000015', 'b5020001-0001-4001-a001-000000000015', 'Canberra', true, 3), ('b5020001-a004-4001-a001-000000000015', 'b5020001-0001-4001-a001-000000000015', 'Perth', false, 4);
INSERT INTO exam_questions (id, exam_section_id, question_id, display_order, marks, negative_marks) VALUES ('b5020001-e001-4001-a001-000000000015', 'bbbbbbbb-5555-6666-7777-999999999999', 'b5020001-0001-4001-a001-000000000015', 21, 1, 0);

INSERT INTO questions (id, question_bank_id, subject_id, type, difficulty, marks, negative_marks, content_json, is_active, created_by) VALUES ('b5020001-0001-4001-a001-000000000016', 'dddddddd-1111-2222-3333-444444444444', 'eeeeeeee-1111-2222-3333-444444444444', 'mcq_single', 'easy', 1, 0, '{"text": "Which element has the atomic number 1?"}', true, '8b89adb0-4c6a-4209-924d-89e3216eb59b');
INSERT INTO question_options (id, question_id, option_text, is_correct, display_order) VALUES ('b5020001-a001-4001-a001-000000000016', 'b5020001-0001-4001-a001-000000000016', 'Helium', false, 1), ('b5020001-a002-4001-a001-000000000016', 'b5020001-0001-4001-a001-000000000016', 'Hydrogen', true, 2), ('b5020001-a003-4001-a001-000000000016', 'b5020001-0001-4001-a001-000000000016', 'Lithium', false, 3), ('b5020001-a004-4001-a001-000000000016', 'b5020001-0001-4001-a001-000000000016', 'Carbon', false, 4);
INSERT INTO exam_questions (id, exam_section_id, question_id, display_order, marks, negative_marks) VALUES ('b5020001-e001-4001-a001-000000000016', 'bbbbbbbb-5555-6666-7777-999999999999', 'b5020001-0001-4001-a001-000000000016', 22, 1, 0);

INSERT INTO questions (id, question_bank_id, subject_id, type, difficulty, marks, negative_marks, content_json, is_active, created_by) VALUES ('b5020001-0001-4001-a001-000000000017', 'dddddddd-1111-2222-3333-444444444444', 'eeeeeeee-1111-2222-3333-444444444444', 'mcq_single', 'easy', 1, 0, '{"text": "What is the square root of 144?"}', true, '8b89adb0-4c6a-4209-924d-89e3216eb59b');
INSERT INTO question_options (id, question_id, option_text, is_correct, display_order) VALUES ('b5020001-a001-4001-a001-000000000017', 'b5020001-0001-4001-a001-000000000017', '10', false, 1), ('b5020001-a002-4001-a001-000000000017', 'b5020001-0001-4001-a001-000000000017', '11', false, 2), ('b5020001-a003-4001-a001-000000000017', 'b5020001-0001-4001-a001-000000000017', '12', true, 3), ('b5020001-a004-4001-a001-000000000017', 'b5020001-0001-4001-a001-000000000017', '13', false, 4);
INSERT INTO exam_questions (id, exam_section_id, question_id, display_order, marks, negative_marks) VALUES ('b5020001-e001-4001-a001-000000000017', 'bbbbbbbb-5555-6666-7777-999999999999', 'b5020001-0001-4001-a001-000000000017', 23, 1, 0);

INSERT INTO questions (id, question_bank_id, subject_id, type, difficulty, marks, negative_marks, content_json, is_active, created_by) VALUES ('b5020001-0001-4001-a001-000000000018', 'dddddddd-1111-2222-3333-444444444444', 'eeeeeeee-1111-2222-3333-444444444444', 'mcq_single', 'easy', 1, 0, '{"text": "Who invented the telephone?"}', true, '8b89adb0-4c6a-4209-924d-89e3216eb59b');
INSERT INTO question_options (id, question_id, option_text, is_correct, display_order) VALUES ('b5020001-a001-4001-a001-000000000018', 'b5020001-0001-4001-a001-000000000018', 'Thomas Edison', false, 1), ('b5020001-a002-4001-a001-000000000018', 'b5020001-0001-4001-a001-000000000018', 'Alexander Graham Bell', true, 2), ('b5020001-a003-4001-a001-000000000018', 'b5020001-0001-4001-a001-000000000018', 'Nikola Tesla', false, 3), ('b5020001-a004-4001-a001-000000000018', 'b5020001-0001-4001-a001-000000000018', 'Guglielmo Marconi', false, 4);
INSERT INTO exam_questions (id, exam_section_id, question_id, display_order, marks, negative_marks) VALUES ('b5020001-e001-4001-a001-000000000018', 'bbbbbbbb-5555-6666-7777-999999999999', 'b5020001-0001-4001-a001-000000000018', 24, 1, 0);

INSERT INTO questions (id, question_bank_id, subject_id, type, difficulty, marks, negative_marks, content_json, is_active, created_by) VALUES ('b5020001-0001-4001-a001-000000000019', 'dddddddd-1111-2222-3333-444444444444', 'eeeeeeee-1111-2222-3333-444444444444', 'mcq_single', 'easy', 1, 0, '{"text": "What is the largest desert in the world?"}', true, '8b89adb0-4c6a-4209-924d-89e3216eb59b');
INSERT INTO question_options (id, question_id, option_text, is_correct, display_order) VALUES ('b5020001-a001-4001-a001-000000000019', 'b5020001-0001-4001-a001-000000000019', 'Sahara', false, 1), ('b5020001-a002-4001-a001-000000000019', 'b5020001-0001-4001-a001-000000000019', 'Gobi', false, 2), ('b5020001-a003-4001-a001-000000000019', 'b5020001-0001-4001-a001-000000000019', 'Antarctic Desert', true, 3), ('b5020001-a004-4001-a001-000000000019', 'b5020001-0001-4001-a001-000000000019', 'Arabian Desert', false, 4);
INSERT INTO exam_questions (id, exam_section_id, question_id, display_order, marks, negative_marks) VALUES ('b5020001-e001-4001-a001-000000000019', 'bbbbbbbb-5555-6666-7777-999999999999', 'b5020001-0001-4001-a001-000000000019', 25, 1, 0);

INSERT INTO questions (id, question_bank_id, subject_id, type, difficulty, marks, negative_marks, content_json, is_active, created_by) VALUES ('b5020001-0001-4001-a001-00000000001A', 'dddddddd-1111-2222-3333-444444444444', 'eeeeeeee-1111-2222-3333-444444444444', 'mcq_single', 'easy', 1, 0, '{"text": "How many planets are in our solar system?"}', true, '8b89adb0-4c6a-4209-924d-89e3216eb59b');
INSERT INTO question_options (id, question_id, option_text, is_correct, display_order) VALUES ('b5020001-a001-4001-a001-00000000001A', 'b5020001-0001-4001-a001-00000000001A', '7', false, 1), ('b5020001-a002-4001-a001-00000000001A', 'b5020001-0001-4001-a001-00000000001A', '8', true, 2), ('b5020001-a003-4001-a001-00000000001A', 'b5020001-0001-4001-a001-00000000001A', '9', false, 3), ('b5020001-a004-4001-a001-00000000001A', 'b5020001-0001-4001-a001-00000000001A', '10', false, 4);
INSERT INTO exam_questions (id, exam_section_id, question_id, display_order, marks, negative_marks) VALUES ('b5020001-e001-4001-a001-00000000001A', 'bbbbbbbb-5555-6666-7777-999999999999', 'b5020001-0001-4001-a001-00000000001A', 26, 1, 0);

INSERT INTO questions (id, question_bank_id, subject_id, type, difficulty, marks, negative_marks, content_json, is_active, created_by) VALUES ('b5020001-0001-4001-a001-00000000001B', 'dddddddd-1111-2222-3333-444444444444', 'eeeeeeee-1111-2222-3333-444444444444', 'mcq_single', 'easy', 1, 0, '{"text": "What is the chemical formula for water?"}', true, '8b89adb0-4c6a-4209-924d-89e3216eb59b');
INSERT INTO question_options (id, question_id, option_text, is_correct, display_order) VALUES ('b5020001-a001-4001-a001-00000000001B', 'b5020001-0001-4001-a001-00000000001B', 'H2O2', false, 1), ('b5020001-a002-4001-a001-00000000001B', 'b5020001-0001-4001-a001-00000000001B', 'H2O', true, 2), ('b5020001-a003-4001-a001-00000000001B', 'b5020001-0001-4001-a001-00000000001B', 'HO2', false, 3), ('b5020001-a004-4001-a001-00000000001B', 'b5020001-0001-4001-a001-00000000001B', 'OH', false, 4);
INSERT INTO exam_questions (id, exam_section_id, question_id, display_order, marks, negative_marks) VALUES ('b5020001-e001-4001-a001-00000000001B', 'bbbbbbbb-5555-6666-7777-999999999999', 'b5020001-0001-4001-a001-00000000001B', 27, 1, 0);

INSERT INTO questions (id, question_bank_id, subject_id, type, difficulty, marks, negative_marks, content_json, is_active, created_by) VALUES ('b5020001-0001-4001-a001-00000000001C', 'dddddddd-1111-2222-3333-444444444444', 'eeeeeeee-1111-2222-3333-444444444444', 'mcq_single', 'easy', 1, 0, '{"text": "Which organ pumps blood in the human body?"}', true, '8b89adb0-4c6a-4209-924d-89e3216eb59b');
INSERT INTO question_options (id, question_id, option_text, is_correct, display_order) VALUES ('b5020001-a001-4001-a001-00000000001C', 'b5020001-0001-4001-a001-00000000001C', 'Liver', false, 1), ('b5020001-a002-4001-a001-00000000001C', 'b5020001-0001-4001-a001-00000000001C', 'Brain', false, 2), ('b5020001-a003-4001-a001-00000000001C', 'b5020001-0001-4001-a001-00000000001C', 'Heart', true, 3), ('b5020001-a004-4001-a001-00000000001C', 'b5020001-0001-4001-a001-00000000001C', 'Lungs', false, 4);
INSERT INTO exam_questions (id, exam_section_id, question_id, display_order, marks, negative_marks) VALUES ('b5020001-e001-4001-a001-00000000001C', 'bbbbbbbb-5555-6666-7777-999999999999', 'b5020001-0001-4001-a001-00000000001C', 28, 1, 0);

INSERT INTO questions (id, question_bank_id, subject_id, type, difficulty, marks, negative_marks, content_json, is_active, created_by) VALUES ('b5020001-0001-4001-a001-00000000001D', 'dddddddd-1111-2222-3333-444444444444', 'eeeeeeee-1111-2222-3333-444444444444', 'mcq_single', 'easy', 1, 0, '{"text": "What is the tallest mountain in the world?"}', true, '8b89adb0-4c6a-4209-924d-89e3216eb59b');
INSERT INTO question_options (id, question_id, option_text, is_correct, display_order) VALUES ('b5020001-a001-4001-a001-00000000001D', 'b5020001-0001-4001-a001-00000000001D', 'K2', false, 1), ('b5020001-a002-4001-a001-00000000001D', 'b5020001-0001-4001-a001-00000000001D', 'Kangchenjunga', false, 2), ('b5020001-a003-4001-a001-00000000001D', 'b5020001-0001-4001-a001-00000000001D', 'Mount Everest', true, 3), ('b5020001-a004-4001-a001-00000000001D', 'b5020001-0001-4001-a001-00000000001D', 'Lhotse', false, 4);
INSERT INTO exam_questions (id, exam_section_id, question_id, display_order, marks, negative_marks) VALUES ('b5020001-e001-4001-a001-00000000001D', 'bbbbbbbb-5555-6666-7777-999999999999', 'b5020001-0001-4001-a001-00000000001D', 29, 1, 0);

INSERT INTO questions (id, question_bank_id, subject_id, type, difficulty, marks, negative_marks, content_json, is_active, created_by) VALUES ('b5020001-0001-4001-a001-00000000001E', 'dddddddd-1111-2222-3333-444444444444', 'eeeeeeee-1111-2222-3333-444444444444', 'mcq_single', 'easy', 1, 0, '{"text": "Who wrote the theory of relativity?"}', true, '8b89adb0-4c6a-4209-924d-89e3216eb59b');
INSERT INTO question_options (id, question_id, option_text, is_correct, display_order) VALUES ('b5020001-a001-4001-a001-00000000001E', 'b5020001-0001-4001-a001-00000000001E', 'Isaac Newton', false, 1), ('b5020001-a002-4001-a001-00000000001E', 'b5020001-0001-4001-a001-00000000001E', 'Albert Einstein', true, 2), ('b5020001-a003-4001-a001-00000000001E', 'b5020001-0001-4001-a001-00000000001E', 'Niels Bohr', false, 3), ('b5020001-a004-4001-a001-00000000001E', 'b5020001-0001-4001-a001-00000000001E', 'Max Planck', false, 4);
INSERT INTO exam_questions (id, exam_section_id, question_id, display_order, marks, negative_marks) VALUES ('b5020001-e001-4001-a001-00000000001E', 'bbbbbbbb-5555-6666-7777-999999999999', 'b5020001-0001-4001-a001-00000000001E', 30, 1, 0);

INSERT INTO questions (id, question_bank_id, subject_id, type, difficulty, marks, negative_marks, content_json, is_active, created_by) VALUES ('b5020001-0001-4001-a001-00000000001F', 'dddddddd-1111-2222-3333-444444444444', 'eeeeeeee-1111-2222-3333-444444444444', 'mcq_single', 'easy', 1, 0, '{"text": "What is the main component of the Sun?"}', true, '8b89adb0-4c6a-4209-924d-89e3216eb59b');
INSERT INTO question_options (id, question_id, option_text, is_correct, display_order) VALUES ('b5020001-a001-4001-a001-00000000001F', 'b5020001-0001-4001-a001-00000000001F', 'Helium', false, 1), ('b5020001-a002-4001-a001-00000000001F', 'b5020001-0001-4001-a001-00000000001F', 'Hydrogen', true, 2), ('b5020001-a003-4001-a001-00000000001F', 'b5020001-0001-4001-a001-00000000001F', 'Oxygen', false, 3), ('b5020001-a004-4001-a001-00000000001F', 'b5020001-0001-4001-a001-00000000001F', 'Carbon', false, 4);
INSERT INTO exam_questions (id, exam_section_id, question_id, display_order, marks, negative_marks) VALUES ('b5020001-e001-4001-a001-00000000001F', 'bbbbbbbb-5555-6666-7777-999999999999', 'b5020001-0001-4001-a001-00000000001F', 31, 1, 0);

INSERT INTO questions (id, question_bank_id, subject_id, type, difficulty, marks, negative_marks, content_json, is_active, created_by) VALUES ('b5020001-0001-4001-a001-000000000020', 'dddddddd-1111-2222-3333-444444444444', 'eeeeeeee-1111-2222-3333-444444444444', 'mcq_single', 'easy', 1, 0, '{"text": "Which blood type is universal donor?"}', true, '8b89adb0-4c6a-4209-924d-89e3216eb59b');
INSERT INTO question_options (id, question_id, option_text, is_correct, display_order) VALUES ('b5020001-a001-4001-a001-000000000020', 'b5020001-0001-4001-a001-000000000020', 'A positive', false, 1), ('b5020001-a002-4001-a001-000000000020', 'b5020001-0001-4001-a001-000000000020', 'B positive', false, 2), ('b5020001-a003-4001-a001-000000000020', 'b5020001-0001-4001-a001-000000000020', 'AB positive', false, 3), ('b5020001-a004-4001-a001-000000000020', 'b5020001-0001-4001-a001-000000000020', 'O negative', true, 4);
INSERT INTO exam_questions (id, exam_section_id, question_id, display_order, marks, negative_marks) VALUES ('b5020001-e001-4001-a001-000000000020', 'bbbbbbbb-5555-6666-7777-999999999999', 'b5020001-0001-4001-a001-000000000020', 32, 1, 0);

INSERT INTO questions (id, question_bank_id, subject_id, type, difficulty, marks, negative_marks, content_json, is_active, created_by) VALUES ('b5020001-0001-4001-a001-000000000021', 'dddddddd-1111-2222-3333-444444444444', 'eeeeeeee-1111-2222-3333-444444444444', 'mcq_single', 'easy', 1, 0, '{"text": "What is the freezing point of water in Fahrenheit?"}', true, '8b89adb0-4c6a-4209-924d-89e3216eb59b');
INSERT INTO question_options (id, question_id, option_text, is_correct, display_order) VALUES ('b5020001-a001-4001-a001-000000000021', 'b5020001-0001-4001-a001-000000000021', 'Zero degrees', false, 1), ('b5020001-a002-4001-a001-000000000021', 'b5020001-0001-4001-a001-000000000021', '32 degrees', true, 2), ('b5020001-a003-4001-a001-000000000021', 'b5020001-0001-4001-a001-000000000021', '100 degrees', false, 3), ('b5020001-a004-4001-a001-000000000021', 'b5020001-0001-4001-a001-000000000021', '212 degrees', false, 4);
INSERT INTO exam_questions (id, exam_section_id, question_id, display_order, marks, negative_marks) VALUES ('b5020001-e001-4001-a001-000000000021', 'bbbbbbbb-5555-6666-7777-999999999999', 'b5020001-0001-4001-a001-000000000021', 33, 1, 0);

INSERT INTO questions (id, question_bank_id, subject_id, type, difficulty, marks, negative_marks, content_json, is_active, created_by) VALUES ('b5020001-0001-4001-a001-000000000022', 'dddddddd-1111-2222-3333-444444444444', 'eeeeeeee-1111-2222-3333-444444444444', 'mcq_single', 'easy', 1, 0, '{"text": "How many chromosomes do humans have?"}', true, '8b89adb0-4c6a-4209-924d-89e3216eb59b');
INSERT INTO question_options (id, question_id, option_text, is_correct, display_order) VALUES ('b5020001-a001-4001-a001-000000000022', 'b5020001-0001-4001-a001-000000000022', '23', false, 1), ('b5020001-a002-4001-a001-000000000022', 'b5020001-0001-4001-a001-000000000022', '44', false, 2), ('b5020001-a003-4001-a001-000000000022', 'b5020001-0001-4001-a001-000000000022', '46', true, 3), ('b5020001-a004-4001-a001-000000000022', 'b5020001-0001-4001-a001-000000000022', '48', false, 4);
INSERT INTO exam_questions (id, exam_section_id, question_id, display_order, marks, negative_marks) VALUES ('b5020001-e001-4001-a001-000000000022', 'bbbbbbbb-5555-6666-7777-999999999999', 'b5020001-0001-4001-a001-000000000022', 34, 1, 0);

INSERT INTO questions (id, question_bank_id, subject_id, type, difficulty, marks, negative_marks, content_json, is_active, created_by) VALUES ('b5020001-0001-4001-a001-000000000023', 'dddddddd-1111-2222-3333-444444444444', 'eeeeeeee-1111-2222-3333-444444444444', 'mcq_single', 'easy', 1, 0, '{"text": "What is the capital of Canada?"}', true, '8b89adb0-4c6a-4209-924d-89e3216eb59b');
INSERT INTO question_options (id, question_id, option_text, is_correct, display_order) VALUES ('b5020001-a001-4001-a001-000000000023', 'b5020001-0001-4001-a001-000000000023', 'Toronto', false, 1), ('b5020001-a002-4001-a001-000000000023', 'b5020001-0001-4001-a001-000000000023', 'Vancouver', false, 2), ('b5020001-a003-4001-a001-000000000023', 'b5020001-0001-4001-a001-000000000023', 'Ottawa', true, 3), ('b5020001-a004-4001-a001-000000000023', 'b5020001-0001-4001-a001-000000000023', 'Montreal', false, 4);
INSERT INTO exam_questions (id, exam_section_id, question_id, display_order, marks, negative_marks) VALUES ('b5020001-e001-4001-a001-000000000023', 'bbbbbbbb-5555-6666-7777-999999999999', 'b5020001-0001-4001-a001-000000000023', 35, 1, 0);

INSERT INTO questions (id, question_bank_id, subject_id, type, difficulty, marks, negative_marks, content_json, is_active, created_by) VALUES ('b5020001-0001-4001-a001-000000000024', 'dddddddd-1111-2222-3333-444444444444', 'eeeeeeee-1111-2222-3333-444444444444', 'mcq_single', 'easy', 1, 0, '{"text": "Which planet is closest to the Sun?"}', true, '8b89adb0-4c6a-4209-924d-89e3216eb59b');
INSERT INTO question_options (id, question_id, option_text, is_correct, display_order) VALUES ('b5020001-a001-4001-a001-000000000024', 'b5020001-0001-4001-a001-000000000024', 'Venus', false, 1), ('b5020001-a002-4001-a001-000000000024', 'b5020001-0001-4001-a001-000000000024', 'Mercury', true, 2), ('b5020001-a003-4001-a001-000000000024', 'b5020001-0001-4001-a001-000000000024', 'Earth', false, 3), ('b5020001-a004-4001-a001-000000000024', 'b5020001-0001-4001-a001-000000000024', 'Mars', false, 4);
INSERT INTO exam_questions (id, exam_section_id, question_id, display_order, marks, negative_marks) VALUES ('b5020001-e001-4001-a001-000000000024', 'bbbbbbbb-5555-6666-7777-999999999999', 'b5020001-0001-4001-a001-000000000024', 36, 1, 0);

INSERT INTO questions (id, question_bank_id, subject_id, type, difficulty, marks, negative_marks, content_json, is_active, created_by) VALUES ('b5020001-0001-4001-a001-000000000025', 'dddddddd-1111-2222-3333-444444444444', 'eeeeeeee-1111-2222-3333-444444444444', 'mcq_single', 'easy', 1, 0, '{"text": "What is the largest continent?"}', true, '8b89adb0-4c6a-4209-924d-89e3216eb59b');
INSERT INTO question_options (id, question_id, option_text, is_correct, display_order) VALUES ('b5020001-a001-4001-a001-000000000025', 'b5020001-0001-4001-a001-000000000025', 'Africa', false, 1), ('b5020001-a002-4001-a001-000000000025', 'b5020001-0001-4001-a001-000000000025', 'North America', false, 2), ('b5020001-a003-4001-a001-000000000025', 'b5020001-0001-4001-a001-000000000025', 'Europe', false, 3), ('b5020001-a004-4001-a001-000000000025', 'b5020001-0001-4001-a001-000000000025', 'Asia', true, 4);
INSERT INTO exam_questions (id, exam_section_id, question_id, display_order, marks, negative_marks) VALUES ('b5020001-e001-4001-a001-000000000025', 'bbbbbbbb-5555-6666-7777-999999999999', 'b5020001-0001-4001-a001-000000000025', 37, 1, 0);

INSERT INTO questions (id, question_bank_id, subject_id, type, difficulty, marks, negative_marks, content_json, is_active, created_by) VALUES ('b5020001-0001-4001-a001-000000000026', 'dddddddd-1111-2222-3333-444444444444', 'eeeeeeee-1111-2222-3333-444444444444', 'mcq_single', 'easy', 1, 0, '{"text": "Who was the first person to walk on the Moon?"}', true, '8b89adb0-4c6a-4209-924d-89e3216eb59b');
INSERT INTO question_options (id, question_id, option_text, is_correct, display_order) VALUES ('b5020001-a001-4001-a001-000000000026', 'b5020001-0001-4001-a001-000000000026', 'Buzz Aldrin', false, 1), ('b5020001-a002-4001-a001-000000000026', 'b5020001-0001-4001-a001-000000000026', 'Neil Armstrong', true, 2), ('b5020001-a003-4001-a001-000000000026', 'b5020001-0001-4001-a001-000000000026', 'Yuri Gagarin', false, 3), ('b5020001-a004-4001-a001-000000000026', 'b5020001-0001-4001-a001-000000000026', 'John Glenn', false, 4);
INSERT INTO exam_questions (id, exam_section_id, question_id, display_order, marks, negative_marks) VALUES ('b5020001-e001-4001-a001-000000000026', 'bbbbbbbb-5555-6666-7777-999999999999', 'b5020001-0001-4001-a001-000000000026', 38, 1, 0);

INSERT INTO questions (id, question_bank_id, subject_id, type, difficulty, marks, negative_marks, content_json, is_active, created_by) VALUES ('b5020001-0001-4001-a001-000000000027', 'dddddddd-1111-2222-3333-444444444444', 'eeeeeeee-1111-2222-3333-444444444444', 'mcq_single', 'easy', 1, 0, '{"text": "What is the national animal of India?"}', true, '8b89adb0-4c6a-4209-924d-89e3216eb59b');
INSERT INTO question_options (id, question_id, option_text, is_correct, display_order) VALUES ('b5020001-a001-4001-a001-000000000027', 'b5020001-0001-4001-a001-000000000027', 'Lion', false, 1), ('b5020001-a002-4001-a001-000000000027', 'b5020001-0001-4001-a001-000000000027', 'Elephant', false, 2), ('b5020001-a003-4001-a001-000000000027', 'b5020001-0001-4001-a001-000000000027', 'Bengal Tiger', true, 3), ('b5020001-a004-4001-a001-000000000027', 'b5020001-0001-4001-a001-000000000027', 'Peacock', false, 4);
INSERT INTO exam_questions (id, exam_section_id, question_id, display_order, marks, negative_marks) VALUES ('b5020001-e001-4001-a001-000000000027', 'bbbbbbbb-5555-6666-7777-999999999999', 'b5020001-0001-4001-a001-000000000027', 39, 1, 0);

INSERT INTO questions (id, question_bank_id, subject_id, type, difficulty, marks, negative_marks, content_json, is_active, created_by) VALUES ('b5020001-0001-4001-a001-000000000028', 'dddddddd-1111-2222-3333-444444444444', 'eeeeeeee-1111-2222-3333-444444444444', 'mcq_single', 'easy', 1, 0, '{"text": "How many sides does a hexagon have?"}', true, '8b89adb0-4c6a-4209-924d-89e3216eb59b');
INSERT INTO question_options (id, question_id, option_text, is_correct, display_order) VALUES ('b5020001-a001-4001-a001-000000000028', 'b5020001-0001-4001-a001-000000000028', '5', false, 1), ('b5020001-a002-4001-a001-000000000028', 'b5020001-0001-4001-a001-000000000028', '6', true, 2), ('b5020001-a003-4001-a001-000000000028', 'b5020001-0001-4001-a001-000000000028', '7', false, 3), ('b5020001-a004-4001-a001-000000000028', 'b5020001-0001-4001-a001-000000000028', '8', false, 4);
INSERT INTO exam_questions (id, exam_section_id, question_id, display_order, marks, negative_marks) VALUES ('b5020001-e001-4001-a001-000000000028', 'bbbbbbbb-5555-6666-7777-999999999999', 'b5020001-0001-4001-a001-000000000028', 40, 1, 0);

INSERT INTO questions (id, question_bank_id, subject_id, type, difficulty, marks, negative_marks, content_json, is_active, created_by) VALUES ('b5020001-0001-4001-a001-000000000029', 'dddddddd-1111-2222-3333-444444444444', 'eeeeeeee-1111-2222-3333-444444444444', 'mcq_single', 'easy', 1, 0, '{"text": "What is the pH of pure water?"}', true, '8b89adb0-4c6a-4209-924d-89e3216eb59b');
INSERT INTO question_options (id, question_id, option_text, is_correct, display_order) VALUES ('b5020001-a001-4001-a001-000000000029', 'b5020001-0001-4001-a001-000000000029', '5', false, 1), ('b5020001-a002-4001-a001-000000000029', 'b5020001-0001-4001-a001-000000000029', '6', false, 2), ('b5020001-a003-4001-a001-000000000029', 'b5020001-0001-4001-a001-000000000029', '7', true, 3), ('b5020001-a004-4001-a001-000000000029', 'b5020001-0001-4001-a001-000000000029', '8', false, 4);
INSERT INTO exam_questions (id, exam_section_id, question_id, display_order, marks, negative_marks) VALUES ('b5020001-e001-4001-a001-000000000029', 'bbbbbbbb-5555-6666-7777-999999999999', 'b5020001-0001-4001-a001-000000000029', 41, 1, 0);

INSERT INTO questions (id, question_bank_id, subject_id, type, difficulty, marks, negative_marks, content_json, is_active, created_by) VALUES ('b5020001-0001-4001-a001-00000000002A', 'dddddddd-1111-2222-3333-444444444444', 'eeeeeeee-1111-2222-3333-444444444444', 'mcq_single', 'easy', 1, 0, '{"text": "Which vitamin is produced by sunlight?"}', true, '8b89adb0-4c6a-4209-924d-89e3216eb59b');
INSERT INTO question_options (id, question_id, option_text, is_correct, display_order) VALUES ('b5020001-a001-4001-a001-00000000002A', 'b5020001-0001-4001-a001-00000000002A', 'Vitamin A', false, 1), ('b5020001-a002-4001-a001-00000000002A', 'b5020001-0001-4001-a001-00000000002A', 'Vitamin B', false, 2), ('b5020001-a003-4001-a001-00000000002A', 'b5020001-0001-4001-a001-00000000002A', 'Vitamin C', false, 3), ('b5020001-a004-4001-a001-00000000002A', 'b5020001-0001-4001-a001-00000000002A', 'Vitamin D', true, 4);
INSERT INTO exam_questions (id, exam_section_id, question_id, display_order, marks, negative_marks) VALUES ('b5020001-e001-4001-a001-00000000002A', 'bbbbbbbb-5555-6666-7777-999999999999', 'b5020001-0001-4001-a001-00000000002A', 42, 1, 0);

INSERT INTO questions (id, question_bank_id, subject_id, type, difficulty, marks, negative_marks, content_json, is_active, created_by) VALUES ('b5020001-0001-4001-a001-00000000002B', 'dddddddd-1111-2222-3333-444444444444', 'eeeeeeee-1111-2222-3333-444444444444', 'mcq_single', 'easy', 1, 0, '{"text": "What is the largest organ in the human body?"}', true, '8b89adb0-4c6a-4209-924d-89e3216eb59b');
INSERT INTO question_options (id, question_id, option_text, is_correct, display_order) VALUES ('b5020001-a001-4001-a001-00000000002B', 'b5020001-0001-4001-a001-00000000002B', 'Liver', false, 1), ('b5020001-a002-4001-a001-00000000002B', 'b5020001-0001-4001-a001-00000000002B', 'Brain', false, 2), ('b5020001-a003-4001-a001-00000000002B', 'b5020001-0001-4001-a001-00000000002B', 'Skin', true, 3), ('b5020001-a004-4001-a001-00000000002B', 'b5020001-0001-4001-a001-00000000002B', 'Heart', false, 4);
INSERT INTO exam_questions (id, exam_section_id, question_id, display_order, marks, negative_marks) VALUES ('b5020001-e001-4001-a001-00000000002B', 'bbbbbbbb-5555-6666-7777-999999999999', 'b5020001-0001-4001-a001-00000000002B', 43, 1, 0);

INSERT INTO questions (id, question_bank_id, subject_id, type, difficulty, marks, negative_marks, content_json, is_active, created_by) VALUES ('b5020001-0001-4001-a001-00000000002C', 'dddddddd-1111-2222-3333-444444444444', 'eeeeeeee-1111-2222-3333-444444444444', 'mcq_single', 'easy', 1, 0, '{"text": "Who invented the light bulb?"}', true, '8b89adb0-4c6a-4209-924d-89e3216eb59b');
INSERT INTO question_options (id, question_id, option_text, is_correct, display_order) VALUES ('b5020001-a001-4001-a001-00000000002C', 'b5020001-0001-4001-a001-00000000002C', 'Nikola Tesla', false, 1), ('b5020001-a002-4001-a001-00000000002C', 'b5020001-0001-4001-a001-00000000002C', 'Thomas Edison', true, 2), ('b5020001-a003-4001-a001-00000000002C', 'b5020001-0001-4001-a001-00000000002C', 'Benjamin Franklin', false, 3), ('b5020001-a004-4001-a001-00000000002C', 'b5020001-0001-4001-a001-00000000002C', 'Michael Faraday', false, 4);
INSERT INTO exam_questions (id, exam_section_id, question_id, display_order, marks, negative_marks) VALUES ('b5020001-e001-4001-a001-00000000002C', 'bbbbbbbb-5555-6666-7777-999999999999', 'b5020001-0001-4001-a001-00000000002C', 44, 1, 0);

INSERT INTO questions (id, question_bank_id, subject_id, type, difficulty, marks, negative_marks, content_json, is_active, created_by) VALUES ('b5020001-0001-4001-a001-00000000002D', 'dddddddd-1111-2222-3333-444444444444', 'eeeeeeee-1111-2222-3333-444444444444', 'mcq_single', 'easy', 1, 0, '{"text": "What is the capital of Germany?"}', true, '8b89adb0-4c6a-4209-924d-89e3216eb59b');
INSERT INTO question_options (id, question_id, option_text, is_correct, display_order) VALUES ('b5020001-a001-4001-a001-00000000002D', 'b5020001-0001-4001-a001-00000000002D', 'Munich', false, 1), ('b5020001-a002-4001-a001-00000000002D', 'b5020001-0001-4001-a001-00000000002D', 'Frankfurt', false, 2), ('b5020001-a003-4001-a001-00000000002D', 'b5020001-0001-4001-a001-00000000002D', 'Berlin', true, 3), ('b5020001-a004-4001-a001-00000000002D', 'b5020001-0001-4001-a001-00000000002D', 'Hamburg', false, 4);
INSERT INTO exam_questions (id, exam_section_id, question_id, display_order, marks, negative_marks) VALUES ('b5020001-e001-4001-a001-00000000002D', 'bbbbbbbb-5555-6666-7777-999999999999', 'b5020001-0001-4001-a001-00000000002D', 45, 1, 0);

INSERT INTO questions (id, question_bank_id, subject_id, type, difficulty, marks, negative_marks, content_json, is_active, created_by) VALUES ('b5020001-0001-4001-a001-00000000002E', 'dddddddd-1111-2222-3333-444444444444', 'eeeeeeee-1111-2222-3333-444444444444', 'mcq_single', 'easy', 1, 0, '{"text": "How many days are in a leap year?"}', true, '8b89adb0-4c6a-4209-924d-89e3216eb59b');
INSERT INTO question_options (id, question_id, option_text, is_correct, display_order) VALUES ('b5020001-a001-4001-a001-00000000002E', 'b5020001-0001-4001-a001-00000000002E', '364', false, 1), ('b5020001-a002-4001-a001-00000000002E', 'b5020001-0001-4001-a001-00000000002E', '365', false, 2), ('b5020001-a003-4001-a001-00000000002E', 'b5020001-0001-4001-a001-00000000002E', '366', true, 3), ('b5020001-a004-4001-a001-00000000002E', 'b5020001-0001-4001-a001-00000000002E', '367', false, 4);
INSERT INTO exam_questions (id, exam_section_id, question_id, display_order, marks, negative_marks) VALUES ('b5020001-e001-4001-a001-00000000002E', 'bbbbbbbb-5555-6666-7777-999999999999', 'b5020001-0001-4001-a001-00000000002E', 46, 1, 0);

INSERT INTO questions (id, question_bank_id, subject_id, type, difficulty, marks, negative_marks, content_json, is_active, created_by) VALUES ('b5020001-0001-4001-a001-00000000002F', 'dddddddd-1111-2222-3333-444444444444', 'eeeeeeee-1111-2222-3333-444444444444', 'mcq_single', 'easy', 1, 0, '{"text": "What is the chemical symbol for iron?"}', true, '8b89adb0-4c6a-4209-924d-89e3216eb59b');
INSERT INTO question_options (id, question_id, option_text, is_correct, display_order) VALUES ('b5020001-a001-4001-a001-00000000002F', 'b5020001-0001-4001-a001-00000000002F', 'Ir', false, 1), ('b5020001-a002-4001-a001-00000000002F', 'b5020001-0001-4001-a001-00000000002F', 'Fe', true, 2), ('b5020001-a003-4001-a001-00000000002F', 'b5020001-0001-4001-a001-00000000002F', 'In', false, 3), ('b5020001-a004-4001-a001-00000000002F', 'b5020001-0001-4001-a001-00000000002F', 'Io', false, 4);
INSERT INTO exam_questions (id, exam_section_id, question_id, display_order, marks, negative_marks) VALUES ('b5020001-e001-4001-a001-00000000002F', 'bbbbbbbb-5555-6666-7777-999999999999', 'b5020001-0001-4001-a001-00000000002F', 47, 1, 0);

INSERT INTO questions (id, question_bank_id, subject_id, type, difficulty, marks, negative_marks, content_json, is_active, created_by) VALUES ('b5020001-0001-4001-a001-000000000030', 'dddddddd-1111-2222-3333-444444444444', 'eeeeeeee-1111-2222-3333-444444444444', 'mcq_single', 'easy', 1, 0, '{"text": "Which country is known as the Land of the Rising Sun?"}', true, '8b89adb0-4c6a-4209-924d-89e3216eb59b');
INSERT INTO question_options (id, question_id, option_text, is_correct, display_order) VALUES ('b5020001-a001-4001-a001-000000000030', 'b5020001-0001-4001-a001-000000000030', 'China', false, 1), ('b5020001-a002-4001-a001-000000000030', 'b5020001-0001-4001-a001-000000000030', 'Korea', false, 2), ('b5020001-a003-4001-a001-000000000030', 'b5020001-0001-4001-a001-000000000030', 'Japan', true, 3), ('b5020001-a004-4001-a001-000000000030', 'b5020001-0001-4001-a001-000000000030', 'Thailand', false, 4);
INSERT INTO exam_questions (id, exam_section_id, question_id, display_order, marks, negative_marks) VALUES ('b5020001-e001-4001-a001-000000000030', 'bbbbbbbb-5555-6666-7777-999999999999', 'b5020001-0001-4001-a001-000000000030', 48, 1, 0);

INSERT INTO questions (id, question_bank_id, subject_id, type, difficulty, marks, negative_marks, content_json, is_active, created_by) VALUES ('b5020001-0001-4001-a001-000000000031', 'dddddddd-1111-2222-3333-444444444444', 'eeeeeeee-1111-2222-3333-444444444444', 'mcq_single', 'easy', 1, 0, '{"text": "What is the value of Pi to two decimal places?"}', true, '8b89adb0-4c6a-4209-924d-89e3216eb59b');
INSERT INTO question_options (id, question_id, option_text, is_correct, display_order) VALUES ('b5020001-a001-4001-a001-000000000031', 'b5020001-0001-4001-a001-000000000031', '3.12', false, 1), ('b5020001-a002-4001-a001-000000000031', 'b5020001-0001-4001-a001-000000000031', '3.14', true, 2), ('b5020001-a003-4001-a001-000000000031', 'b5020001-0001-4001-a001-000000000031', '3.16', false, 3), ('b5020001-a004-4001-a001-000000000031', 'b5020001-0001-4001-a001-000000000031', '3.18', false, 4);
INSERT INTO exam_questions (id, exam_section_id, question_id, display_order, marks, negative_marks) VALUES ('b5020001-e001-4001-a001-000000000031', 'bbbbbbbb-5555-6666-7777-999999999999', 'b5020001-0001-4001-a001-000000000031', 49, 1, 0);

INSERT INTO questions (id, question_bank_id, subject_id, type, difficulty, marks, negative_marks, content_json, is_active, created_by) VALUES ('b5020001-0001-4001-a001-000000000032', 'dddddddd-1111-2222-3333-444444444444', 'eeeeeeee-1111-2222-3333-444444444444', 'mcq_single', 'easy', 1, 0, '{"text": "Who is known as the Father of Computers?"}', true, '8b89adb0-4c6a-4209-924d-89e3216eb59b');
INSERT INTO question_options (id, question_id, option_text, is_correct, display_order) VALUES ('b5020001-a001-4001-a001-000000000032', 'b5020001-0001-4001-a001-000000000032', 'Alan Turing', false, 1), ('b5020001-a002-4001-a001-000000000032', 'b5020001-0001-4001-a001-000000000032', 'Charles Babbage', true, 2), ('b5020001-a003-4001-a001-000000000032', 'b5020001-0001-4001-a001-000000000032', 'John von Neumann', false, 3), ('b5020001-a004-4001-a001-000000000032', 'b5020001-0001-4001-a001-000000000032', 'Ada Lovelace', false, 4);
INSERT INTO exam_questions (id, exam_section_id, question_id, display_order, marks, negative_marks) VALUES ('b5020001-e001-4001-a001-000000000032', 'bbbbbbbb-5555-6666-7777-999999999999', 'b5020001-0001-4001-a001-000000000032', 50, 1, 0);

INSERT INTO questions (id, question_bank_id, subject_id, type, difficulty, marks, negative_marks, content_json, is_active, created_by) VALUES ('b5020001-0001-4001-a001-000000000033', 'dddddddd-1111-2222-3333-444444444444', 'eeeeeeee-1111-2222-3333-444444444444', 'mcq_single', 'easy', 1, 0, '{"text": "What is the smallest unit of matter?"}', true, '8b89adb0-4c6a-4209-924d-89e3216eb59b');
INSERT INTO question_options (id, question_id, option_text, is_correct, display_order) VALUES ('b5020001-a001-4001-a001-000000000033', 'b5020001-0001-4001-a001-000000000033', 'Molecule', false, 1), ('b5020001-a002-4001-a001-000000000033', 'b5020001-0001-4001-a001-000000000033', 'Atom', true, 2), ('b5020001-a003-4001-a001-000000000033', 'b5020001-0001-4001-a001-000000000033', 'Electron', false, 3), ('b5020001-a004-4001-a001-000000000033', 'b5020001-0001-4001-a001-000000000033', 'Proton', false, 4);
INSERT INTO exam_questions (id, exam_section_id, question_id, display_order, marks, negative_marks) VALUES ('b5020001-e001-4001-a001-000000000033', 'bbbbbbbb-5555-6666-7777-999999999999', 'b5020001-0001-4001-a001-000000000033', 51, 1, 0);

INSERT INTO questions (id, question_bank_id, subject_id, type, difficulty, marks, negative_marks, content_json, is_active, created_by) VALUES ('b5020001-0001-4001-a001-000000000034', 'dddddddd-1111-2222-3333-444444444444', 'eeeeeeee-1111-2222-3333-444444444444', 'mcq_single', 'easy', 1, 0, '{"text": "Which gas makes up most of Earths atmosphere?"}', true, '8b89adb0-4c6a-4209-924d-89e3216eb59b');
INSERT INTO question_options (id, question_id, option_text, is_correct, display_order) VALUES ('b5020001-a001-4001-a001-000000000034', 'b5020001-0001-4001-a001-000000000034', 'Oxygen', false, 1), ('b5020001-a002-4001-a001-000000000034', 'b5020001-0001-4001-a001-000000000034', 'Carbon Dioxide', false, 2), ('b5020001-a003-4001-a001-000000000034', 'b5020001-0001-4001-a001-000000000034', 'Nitrogen', true, 3), ('b5020001-a004-4001-a001-000000000034', 'b5020001-0001-4001-a001-000000000034', 'Argon', false, 4);
INSERT INTO exam_questions (id, exam_section_id, question_id, display_order, marks, negative_marks) VALUES ('b5020001-e001-4001-a001-000000000034', 'bbbbbbbb-5555-6666-7777-999999999999', 'b5020001-0001-4001-a001-000000000034', 52, 1, 0);

INSERT INTO questions (id, question_bank_id, subject_id, type, difficulty, marks, negative_marks, content_json, is_active, created_by) VALUES ('b5020001-0001-4001-a001-000000000035', 'dddddddd-1111-2222-3333-444444444444', 'eeeeeeee-1111-2222-3333-444444444444', 'mcq_single', 'easy', 1, 0, '{"text": "What is the capital of Russia?"}', true, '8b89adb0-4c6a-4209-924d-89e3216eb59b');
INSERT INTO question_options (id, question_id, option_text, is_correct, display_order) VALUES ('b5020001-a001-4001-a001-000000000035', 'b5020001-0001-4001-a001-000000000035', 'St Petersburg', false, 1), ('b5020001-a002-4001-a001-000000000035', 'b5020001-0001-4001-a001-000000000035', 'Moscow', true, 2), ('b5020001-a003-4001-a001-000000000035', 'b5020001-0001-4001-a001-000000000035', 'Volgograd', false, 3), ('b5020001-a004-4001-a001-000000000035', 'b5020001-0001-4001-a001-000000000035', 'Novosibirsk', false, 4);
INSERT INTO exam_questions (id, exam_section_id, question_id, display_order, marks, negative_marks) VALUES ('b5020001-e001-4001-a001-000000000035', 'bbbbbbbb-5555-6666-7777-999999999999', 'b5020001-0001-4001-a001-000000000035', 53, 1, 0);

INSERT INTO questions (id, question_bank_id, subject_id, type, difficulty, marks, negative_marks, content_json, is_active, created_by) VALUES ('b5020001-0001-4001-a001-000000000036', 'dddddddd-1111-2222-3333-444444444444', 'eeeeeeee-1111-2222-3333-444444444444', 'mcq_single', 'easy', 1, 0, '{"text": "How many strings does a standard guitar have?"}', true, '8b89adb0-4c6a-4209-924d-89e3216eb59b');
INSERT INTO question_options (id, question_id, option_text, is_correct, display_order) VALUES ('b5020001-a001-4001-a001-000000000036', 'b5020001-0001-4001-a001-000000000036', '4', false, 1), ('b5020001-a002-4001-a001-000000000036', 'b5020001-0001-4001-a001-000000000036', '5', false, 2), ('b5020001-a003-4001-a001-000000000036', 'b5020001-0001-4001-a001-000000000036', '6', true, 3), ('b5020001-a004-4001-a001-000000000036', 'b5020001-0001-4001-a001-000000000036', '7', false, 4);
INSERT INTO exam_questions (id, exam_section_id, question_id, display_order, marks, negative_marks) VALUES ('b5020001-e001-4001-a001-000000000036', 'bbbbbbbb-5555-6666-7777-999999999999', 'b5020001-0001-4001-a001-000000000036', 54, 1, 0);

INSERT INTO questions (id, question_bank_id, subject_id, type, difficulty, marks, negative_marks, content_json, is_active, created_by) VALUES ('b5020001-0001-4001-a001-000000000037', 'dddddddd-1111-2222-3333-444444444444', 'eeeeeeee-1111-2222-3333-444444444444', 'mcq_single', 'easy', 1, 0, '{"text": "What is the currency of the United Kingdom?"}', true, '8b89adb0-4c6a-4209-924d-89e3216eb59b');
INSERT INTO question_options (id, question_id, option_text, is_correct, display_order) VALUES ('b5020001-a001-4001-a001-000000000037', 'b5020001-0001-4001-a001-000000000037', 'Euro', false, 1), ('b5020001-a002-4001-a001-000000000037', 'b5020001-0001-4001-a001-000000000037', 'Dollar', false, 2), ('b5020001-a003-4001-a001-000000000037', 'b5020001-0001-4001-a001-000000000037', 'Pound Sterling', true, 3), ('b5020001-a004-4001-a001-000000000037', 'b5020001-0001-4001-a001-000000000037', 'Franc', false, 4);
INSERT INTO exam_questions (id, exam_section_id, question_id, display_order, marks, negative_marks) VALUES ('b5020001-e001-4001-a001-000000000037', 'bbbbbbbb-5555-6666-7777-999999999999', 'b5020001-0001-4001-a001-000000000037', 55, 1, 0);

INSERT INTO questions (id, question_bank_id, subject_id, type, difficulty, marks, negative_marks, content_json, is_active, created_by) VALUES ('b5020001-0001-4001-a001-000000000038', 'dddddddd-1111-2222-3333-444444444444', 'eeeeeeee-1111-2222-3333-444444444444', 'mcq_single', 'easy', 1, 0, '{"text": "Which planet has the most moons?"}', true, '8b89adb0-4c6a-4209-924d-89e3216eb59b');
INSERT INTO question_options (id, question_id, option_text, is_correct, display_order) VALUES ('b5020001-a001-4001-a001-000000000038', 'b5020001-0001-4001-a001-000000000038', 'Jupiter', false, 1), ('b5020001-a002-4001-a001-000000000038', 'b5020001-0001-4001-a001-000000000038', 'Saturn', true, 2), ('b5020001-a003-4001-a001-000000000038', 'b5020001-0001-4001-a001-000000000038', 'Uranus', false, 3), ('b5020001-a004-4001-a001-000000000038', 'b5020001-0001-4001-a001-000000000038', 'Neptune', false, 4);
INSERT INTO exam_questions (id, exam_section_id, question_id, display_order, marks, negative_marks) VALUES ('b5020001-e001-4001-a001-000000000038', 'bbbbbbbb-5555-6666-7777-999999999999', 'b5020001-0001-4001-a001-000000000038', 56, 1, 0);

INSERT INTO questions (id, question_bank_id, subject_id, type, difficulty, marks, negative_marks, content_json, is_active, created_by) VALUES ('b5020001-0001-4001-a001-000000000039', 'dddddddd-1111-2222-3333-444444444444', 'eeeeeeee-1111-2222-3333-444444444444', 'mcq_single', 'easy', 1, 0, '{"text": "What is the melting point of ice in Celsius?"}', true, '8b89adb0-4c6a-4209-924d-89e3216eb59b');
INSERT INTO question_options (id, question_id, option_text, is_correct, display_order) VALUES ('b5020001-a001-4001-a001-000000000039', 'b5020001-0001-4001-a001-000000000039', 'Minus 1', false, 1), ('b5020001-a002-4001-a001-000000000039', 'b5020001-0001-4001-a001-000000000039', '0', true, 2), ('b5020001-a003-4001-a001-000000000039', 'b5020001-0001-4001-a001-000000000039', '1', false, 3), ('b5020001-a004-4001-a001-000000000039', 'b5020001-0001-4001-a001-000000000039', '2', false, 4);
INSERT INTO exam_questions (id, exam_section_id, question_id, display_order, marks, negative_marks) VALUES ('b5020001-e001-4001-a001-000000000039', 'bbbbbbbb-5555-6666-7777-999999999999', 'b5020001-0001-4001-a001-000000000039', 57, 1, 0);

INSERT INTO questions (id, question_bank_id, subject_id, type, difficulty, marks, negative_marks, content_json, is_active, created_by) VALUES ('b5020001-0001-4001-a001-00000000003A', 'dddddddd-1111-2222-3333-444444444444', 'eeeeeeee-1111-2222-3333-444444444444', 'mcq_single', 'easy', 1, 0, '{"text": "Who developed the polio vaccine?"}', true, '8b89adb0-4c6a-4209-924d-89e3216eb59b');
INSERT INTO question_options (id, question_id, option_text, is_correct, display_order) VALUES ('b5020001-a001-4001-a001-00000000003A', 'b5020001-0001-4001-a001-00000000003A', 'Louis Pasteur', false, 1), ('b5020001-a002-4001-a001-00000000003A', 'b5020001-0001-4001-a001-00000000003A', 'Jonas Salk', true, 2), ('b5020001-a003-4001-a001-00000000003A', 'b5020001-0001-4001-a001-00000000003A', 'Edward Jenner', false, 3), ('b5020001-a004-4001-a001-00000000003A', 'b5020001-0001-4001-a001-00000000003A', 'Robert Koch', false, 4);
INSERT INTO exam_questions (id, exam_section_id, question_id, display_order, marks, negative_marks) VALUES ('b5020001-e001-4001-a001-00000000003A', 'bbbbbbbb-5555-6666-7777-999999999999', 'b5020001-0001-4001-a001-00000000003A', 58, 1, 0);

INSERT INTO questions (id, question_bank_id, subject_id, type, difficulty, marks, negative_marks, content_json, is_active, created_by) VALUES ('b5020001-0001-4001-a001-00000000003B', 'dddddddd-1111-2222-3333-444444444444', 'eeeeeeee-1111-2222-3333-444444444444', 'mcq_single', 'easy', 1, 0, '{"text": "What is the largest lake in the world by area?"}', true, '8b89adb0-4c6a-4209-924d-89e3216eb59b');
INSERT INTO question_options (id, question_id, option_text, is_correct, display_order) VALUES ('b5020001-a001-4001-a001-00000000003B', 'b5020001-0001-4001-a001-00000000003B', 'Lake Victoria', false, 1), ('b5020001-a002-4001-a001-00000000003B', 'b5020001-0001-4001-a001-00000000003B', 'Lake Superior', false, 2), ('b5020001-a003-4001-a001-00000000003B', 'b5020001-0001-4001-a001-00000000003B', 'Caspian Sea', true, 3), ('b5020001-a004-4001-a001-00000000003B', 'b5020001-0001-4001-a001-00000000003B', 'Lake Baikal', false, 4);
INSERT INTO exam_questions (id, exam_section_id, question_id, display_order, marks, negative_marks) VALUES ('b5020001-e001-4001-a001-00000000003B', 'bbbbbbbb-5555-6666-7777-999999999999', 'b5020001-0001-4001-a001-00000000003B', 59, 1, 0);

INSERT INTO questions (id, question_bank_id, subject_id, type, difficulty, marks, negative_marks, content_json, is_active, created_by) VALUES ('b5020001-0001-4001-a001-00000000003C', 'dddddddd-1111-2222-3333-444444444444', 'eeeeeeee-1111-2222-3333-444444444444', 'mcq_single', 'easy', 1, 0, '{"text": "How many players are on a football soccer team?"}', true, '8b89adb0-4c6a-4209-924d-89e3216eb59b');
INSERT INTO question_options (id, question_id, option_text, is_correct, display_order) VALUES ('b5020001-a001-4001-a001-00000000003C', 'b5020001-0001-4001-a001-00000000003C', '9', false, 1), ('b5020001-a002-4001-a001-00000000003C', 'b5020001-0001-4001-a001-00000000003C', '10', false, 2), ('b5020001-a003-4001-a001-00000000003C', 'b5020001-0001-4001-a001-00000000003C', '11', true, 3), ('b5020001-a004-4001-a001-00000000003C', 'b5020001-0001-4001-a001-00000000003C', '12', false, 4);
INSERT INTO exam_questions (id, exam_section_id, question_id, display_order, marks, negative_marks) VALUES ('b5020001-e001-4001-a001-00000000003C', 'bbbbbbbb-5555-6666-7777-999999999999', 'b5020001-0001-4001-a001-00000000003C', 60, 1, 0);

COMMIT;
