BEGIN;

-- 60 QUESTIONS FOR BUI-003

INSERT INTO questions (id, question_bank_id, subject_id, type, difficulty, marks, negative_marks, content_json, is_active, created_by) VALUES ('b5030001-0001-4001-a001-000000000001', 'dddddddd-1111-2222-3333-444444444444', 'eeeeeeee-1111-2222-3333-444444444444', 'mcq_single', 'medium', 1, 0, '{"text": "Who was the first Emperor of the Maurya Dynasty?"}', true, '8b89adb0-4c6a-4209-924d-89e3216eb59b');
INSERT INTO question_options (id, question_id, option_text, is_correct, display_order) VALUES ('b5030001-a001-4001-a001-000000000001', 'b5030001-0001-4001-a001-000000000001', 'Ashoka', false, 1), ('b5030001-a002-4001-a001-000000000001', 'b5030001-0001-4001-a001-000000000001', 'Chandragupta Maurya', true, 2), ('b5030001-a003-4001-a001-000000000001', 'b5030001-0001-4001-a001-000000000001', 'Bindusara', false, 3), ('b5030001-a004-4001-a001-000000000001', 'b5030001-0001-4001-a001-000000000001', 'Brihadratha', false, 4);
INSERT INTO exam_questions (id, exam_section_id, question_id, display_order, marks, negative_marks) VALUES ('b5030001-e001-4001-a001-000000000001', 'cccccccc-6666-7777-8888-aaaaaaaaaaaa', 'b5030001-0001-4001-a001-000000000001', 1, 1, 0);

INSERT INTO questions (id, question_bank_id, subject_id, type, difficulty, marks, negative_marks, content_json, is_active, created_by) VALUES ('b5030001-0001-4001-a001-000000000002', 'dddddddd-1111-2222-3333-444444444444', 'eeeeeeee-1111-2222-3333-444444444444', 'mcq_single', 'medium', 1, 0, '{"text": "In which year did India gain independence?"}', true, '8b89adb0-4c6a-4209-924d-89e3216eb59b');
INSERT INTO question_options (id, question_id, option_text, is_correct, display_order) VALUES ('b5030001-a001-4001-a001-000000000002', 'b5030001-0001-4001-a001-000000000002', '1942', false, 1), ('b5030001-a002-4001-a001-000000000002', 'b5030001-0001-4001-a001-000000000002', '1945', false, 2), ('b5030001-a003-4001-a001-000000000002', 'b5030001-0001-4001-a001-000000000002', '1947', true, 3), ('b5030001-a004-4001-a001-000000000002', 'b5030001-0001-4001-a001-000000000002', '1950', false, 4);
INSERT INTO exam_questions (id, exam_section_id, question_id, display_order, marks, negative_marks) VALUES ('b5030001-e001-4001-a001-000000000002', 'cccccccc-6666-7777-8888-aaaaaaaaaaaa', 'b5030001-0001-4001-a001-000000000002', 2, 1, 0);

INSERT INTO questions (id, question_bank_id, subject_id, type, difficulty, marks, negative_marks, content_json, is_active, created_by) VALUES ('b5030001-0001-4001-a001-000000000003', 'dddddddd-1111-2222-3333-444444444444', 'eeeeeeee-1111-2222-3333-444444444444', 'mcq_single', 'medium', 1, 0, '{"text": "Who is known as the Iron Man of India?"}', true, '8b89adb0-4c6a-4209-924d-89e3216eb59b');
INSERT INTO question_options (id, question_id, option_text, is_correct, display_order) VALUES ('b5030001-a001-4001-a001-000000000003', 'b5030001-0001-4001-a001-000000000003', 'Mahatma Gandhi', false, 1), ('b5030001-a002-4001-a001-000000000003', 'b5030001-0001-4001-a001-000000000003', 'Jawaharlal Nehru', false, 2), ('b5030001-a003-4001-a001-000000000003', 'b5030001-0001-4001-a001-000000000003', 'Sardar Vallabhbhai Patel', true, 3), ('b5030001-a004-4001-a001-000000000003', 'b5030001-0001-4001-a001-000000000003', 'Subhas Chandra Bose', false, 4);
INSERT INTO exam_questions (id, exam_section_id, question_id, display_order, marks, negative_marks) VALUES ('b5030001-e001-4001-a001-000000000003', 'cccccccc-6666-7777-8888-aaaaaaaaaaaa', 'b5030001-0001-4001-a001-000000000003', 3, 1, 0);

INSERT INTO questions (id, question_bank_id, subject_id, type, difficulty, marks, negative_marks, content_json, is_active, created_by) VALUES ('b5030001-0001-4001-a001-000000000004', 'dddddddd-1111-2222-3333-444444444444', 'eeeeeeee-1111-2222-3333-444444444444', 'mcq_single', 'medium', 1, 0, '{"text": "The Battle of Plassey was fought in which year?"}', true, '8b89adb0-4c6a-4209-924d-89e3216eb59b');
INSERT INTO question_options (id, question_id, option_text, is_correct, display_order) VALUES ('b5030001-a001-4001-a001-000000000004', 'b5030001-0001-4001-a001-000000000004', '1757', true, 1), ('b5030001-a002-4001-a001-000000000004', 'b5030001-0001-4001-a001-000000000004', '1764', false, 2), ('b5030001-a003-4001-a001-000000000004', 'b5030001-0001-4001-a001-000000000004', '1857', false, 3), ('b5030001-a004-4001-a001-000000000004', 'b5030001-0001-4001-a001-000000000004', '1761', false, 4);
INSERT INTO exam_questions (id, exam_section_id, question_id, display_order, marks, negative_marks) VALUES ('b5030001-e001-4001-a001-000000000004', 'cccccccc-6666-7777-8888-aaaaaaaaaaaa', 'b5030001-0001-4001-a001-000000000004', 4, 1, 0);

INSERT INTO questions (id, question_bank_id, subject_id, type, difficulty, marks, negative_marks, content_json, is_active, created_by) VALUES ('b5030001-0001-4001-a001-000000000005', 'dddddddd-1111-2222-3333-444444444444', 'eeeeeeee-1111-2222-3333-444444444444', 'mcq_single', 'medium', 1, 0, '{"text": "Who founded the Mughal Empire in India?"}', true, '8b89adb0-4c6a-4209-924d-89e3216eb59b');
INSERT INTO question_options (id, question_id, option_text, is_correct, display_order) VALUES ('b5030001-a001-4001-a001-000000000005', 'b5030001-0001-4001-a001-000000000005', 'Akbar', false, 1), ('b5030001-a002-4001-a001-000000000005', 'b5030001-0001-4001-a001-000000000005', 'Humayun', false, 2), ('b5030001-a003-4001-a001-000000000005', 'b5030001-0001-4001-a001-000000000005', 'Babur', true, 3), ('b5030001-a004-4001-a001-000000000005', 'b5030001-0001-4001-a001-000000000005', 'Shah Jahan', false, 4);
INSERT INTO exam_questions (id, exam_section_id, question_id, display_order, marks, negative_marks) VALUES ('b5030001-e001-4001-a001-000000000005', 'cccccccc-6666-7777-8888-aaaaaaaaaaaa', 'b5030001-0001-4001-a001-000000000005', 5, 1, 0);

INSERT INTO questions (id, question_bank_id, subject_id, type, difficulty, marks, negative_marks, content_json, is_active, created_by) VALUES ('b5030001-0001-4001-a001-000000000006', 'dddddddd-1111-2222-3333-444444444444', 'eeeeeeee-1111-2222-3333-444444444444', 'mcq_single', 'medium', 1, 0, '{"text": "The Quit India Movement was launched in which year?"}', true, '8b89adb0-4c6a-4209-924d-89e3216eb59b');
INSERT INTO question_options (id, question_id, option_text, is_correct, display_order) VALUES ('b5030001-a001-4001-a001-000000000006', 'b5030001-0001-4001-a001-000000000006', '1940', false, 1), ('b5030001-a002-4001-a001-000000000006', 'b5030001-0001-4001-a001-000000000006', '1942', true, 2), ('b5030001-a003-4001-a001-000000000006', 'b5030001-0001-4001-a001-000000000006', '1944', false, 3), ('b5030001-a004-4001-a001-000000000006', 'b5030001-0001-4001-a001-000000000006', '1946', false, 4);
INSERT INTO exam_questions (id, exam_section_id, question_id, display_order, marks, negative_marks) VALUES ('b5030001-e001-4001-a001-000000000006', 'cccccccc-6666-7777-8888-aaaaaaaaaaaa', 'b5030001-0001-4001-a001-000000000006', 6, 1, 0);

INSERT INTO questions (id, question_bank_id, subject_id, type, difficulty, marks, negative_marks, content_json, is_active, created_by) VALUES ('b5030001-0001-4001-a001-000000000007', 'dddddddd-1111-2222-3333-444444444444', 'eeeeeeee-1111-2222-3333-444444444444', 'mcq_single', 'medium', 1, 0, '{"text": "Who built the Red Fort in Delhi?"}', true, '8b89adb0-4c6a-4209-924d-89e3216eb59b');
INSERT INTO question_options (id, question_id, option_text, is_correct, display_order) VALUES ('b5030001-a001-4001-a001-000000000007', 'b5030001-0001-4001-a001-000000000007', 'Akbar', false, 1), ('b5030001-a002-4001-a001-000000000007', 'b5030001-0001-4001-a001-000000000007', 'Aurangzeb', false, 2), ('b5030001-a003-4001-a001-000000000007', 'b5030001-0001-4001-a001-000000000007', 'Shah Jahan', true, 3), ('b5030001-a004-4001-a001-000000000007', 'b5030001-0001-4001-a001-000000000007', 'Jahangir', false, 4);
INSERT INTO exam_questions (id, exam_section_id, question_id, display_order, marks, negative_marks) VALUES ('b5030001-e001-4001-a001-000000000007', 'cccccccc-6666-7777-8888-aaaaaaaaaaaa', 'b5030001-0001-4001-a001-000000000007', 7, 1, 0);

INSERT INTO questions (id, question_bank_id, subject_id, type, difficulty, marks, negative_marks, content_json, is_active, created_by) VALUES ('b5030001-0001-4001-a001-000000000008', 'dddddddd-1111-2222-3333-444444444444', 'eeeeeeee-1111-2222-3333-444444444444', 'mcq_single', 'medium', 1, 0, '{"text": "The Jallianwala Bagh massacre took place in which city?"}', true, '8b89adb0-4c6a-4209-924d-89e3216eb59b');
INSERT INTO question_options (id, question_id, option_text, is_correct, display_order) VALUES ('b5030001-a001-4001-a001-000000000008', 'b5030001-0001-4001-a001-000000000008', 'Delhi', false, 1), ('b5030001-a002-4001-a001-000000000008', 'b5030001-0001-4001-a001-000000000008', 'Lahore', false, 2), ('b5030001-a003-4001-a001-000000000008', 'b5030001-0001-4001-a001-000000000008', 'Amritsar', true, 3), ('b5030001-a004-4001-a001-000000000008', 'b5030001-0001-4001-a001-000000000008', 'Lucknow', false, 4);
INSERT INTO exam_questions (id, exam_section_id, question_id, display_order, marks, negative_marks) VALUES ('b5030001-e001-4001-a001-000000000008', 'cccccccc-6666-7777-8888-aaaaaaaaaaaa', 'b5030001-0001-4001-a001-000000000008', 8, 1, 0);

INSERT INTO questions (id, question_bank_id, subject_id, type, difficulty, marks, negative_marks, content_json, is_active, created_by) VALUES ('b5030001-0001-4001-a001-000000000009', 'dddddddd-1111-2222-3333-444444444444', 'eeeeeeee-1111-2222-3333-444444444444', 'mcq_single', 'medium', 1, 0, '{"text": "Which is the longest river in India?"}', true, '8b89adb0-4c6a-4209-924d-89e3216eb59b');
INSERT INTO question_options (id, question_id, option_text, is_correct, display_order) VALUES ('b5030001-a001-4001-a001-000000000009', 'b5030001-0001-4001-a001-000000000009', 'Yamuna', false, 1), ('b5030001-a002-4001-a001-000000000009', 'b5030001-0001-4001-a001-000000000009', 'Godavari', false, 2), ('b5030001-a003-4001-a001-000000000009', 'b5030001-0001-4001-a001-000000000009', 'Ganga', true, 3), ('b5030001-a004-4001-a001-000000000009', 'b5030001-0001-4001-a001-000000000009', 'Brahmaputra', false, 4);
INSERT INTO exam_questions (id, exam_section_id, question_id, display_order, marks, negative_marks) VALUES ('b5030001-e001-4001-a001-000000000009', 'cccccccc-6666-7777-8888-aaaaaaaaaaaa', 'b5030001-0001-4001-a001-000000000009', 9, 1, 0);

INSERT INTO questions (id, question_bank_id, subject_id, type, difficulty, marks, negative_marks, content_json, is_active, created_by) VALUES ('b5030001-0001-4001-a001-00000000000A', 'dddddddd-1111-2222-3333-444444444444', 'eeeeeeee-1111-2222-3333-444444444444', 'mcq_single', 'medium', 1, 0, '{"text": "Mount Kilimanjaro is located in which country?"}', true, '8b89adb0-4c6a-4209-924d-89e3216eb59b');
INSERT INTO question_options (id, question_id, option_text, is_correct, display_order) VALUES ('b5030001-a001-4001-a001-00000000000A', 'b5030001-0001-4001-a001-00000000000A', 'Kenya', false, 1), ('b5030001-a002-4001-a001-00000000000A', 'b5030001-0001-4001-a001-00000000000A', 'Ethiopia', false, 2), ('b5030001-a003-4001-a001-00000000000A', 'b5030001-0001-4001-a001-00000000000A', 'Tanzania', true, 3), ('b5030001-a004-4001-a001-00000000000A', 'b5030001-0001-4001-a001-00000000000A', 'Uganda', false, 4);
INSERT INTO exam_questions (id, exam_section_id, question_id, display_order, marks, negative_marks) VALUES ('b5030001-e001-4001-a001-00000000000A', 'cccccccc-6666-7777-8888-aaaaaaaaaaaa', 'b5030001-0001-4001-a001-00000000000A', 10, 1, 0);

INSERT INTO questions (id, question_bank_id, subject_id, type, difficulty, marks, negative_marks, content_json, is_active, created_by) VALUES ('b5030001-0001-4001-a001-00000000000B', 'dddddddd-1111-2222-3333-444444444444', 'eeeeeeee-1111-2222-3333-444444444444', 'mcq_single', 'medium', 1, 0, '{"text": "Which is the smallest continent by area?"}', true, '8b89adb0-4c6a-4209-924d-89e3216eb59b');
INSERT INTO question_options (id, question_id, option_text, is_correct, display_order) VALUES ('b5030001-a001-4001-a001-00000000000B', 'b5030001-0001-4001-a001-00000000000B', 'Europe', false, 1), ('b5030001-a002-4001-a001-00000000000B', 'b5030001-0001-4001-a001-00000000000B', 'Australia', true, 2), ('b5030001-a003-4001-a001-00000000000B', 'b5030001-0001-4001-a001-00000000000B', 'Antarctica', false, 3), ('b5030001-a004-4001-a001-00000000000B', 'b5030001-0001-4001-a001-00000000000B', 'South America', false, 4);
INSERT INTO exam_questions (id, exam_section_id, question_id, display_order, marks, negative_marks) VALUES ('b5030001-e001-4001-a001-00000000000B', 'cccccccc-6666-7777-8888-aaaaaaaaaaaa', 'b5030001-0001-4001-a001-00000000000B', 11, 1, 0);

INSERT INTO questions (id, question_bank_id, subject_id, type, difficulty, marks, negative_marks, content_json, is_active, created_by) VALUES ('b5030001-0001-4001-a001-00000000000C', 'dddddddd-1111-2222-3333-444444444444', 'eeeeeeee-1111-2222-3333-444444444444', 'mcq_single', 'medium', 1, 0, '{"text": "The Sahara Desert is located in which continent?"}', true, '8b89adb0-4c6a-4209-924d-89e3216eb59b');
INSERT INTO question_options (id, question_id, option_text, is_correct, display_order) VALUES ('b5030001-a001-4001-a001-00000000000C', 'b5030001-0001-4001-a001-00000000000C', 'Asia', false, 1), ('b5030001-a002-4001-a001-00000000000C', 'b5030001-0001-4001-a001-00000000000C', 'Africa', true, 2), ('b5030001-a003-4001-a001-00000000000C', 'b5030001-0001-4001-a001-00000000000C', 'South America', false, 3), ('b5030001-a004-4001-a001-00000000000C', 'b5030001-0001-4001-a001-00000000000C', 'Australia', false, 4);
INSERT INTO exam_questions (id, exam_section_id, question_id, display_order, marks, negative_marks) VALUES ('b5030001-e001-4001-a001-00000000000C', 'cccccccc-6666-7777-8888-aaaaaaaaaaaa', 'b5030001-0001-4001-a001-00000000000C', 12, 1, 0);

INSERT INTO questions (id, question_bank_id, subject_id, type, difficulty, marks, negative_marks, content_json, is_active, created_by) VALUES ('b5030001-0001-4001-a001-00000000000D', 'dddddddd-1111-2222-3333-444444444444', 'eeeeeeee-1111-2222-3333-444444444444', 'mcq_single', 'medium', 1, 0, '{"text": "Which ocean lies between Africa and Australia?"}', true, '8b89adb0-4c6a-4209-924d-89e3216eb59b');
INSERT INTO question_options (id, question_id, option_text, is_correct, display_order) VALUES ('b5030001-a001-4001-a001-00000000000D', 'b5030001-0001-4001-a001-00000000000D', 'Pacific Ocean', false, 1), ('b5030001-a002-4001-a001-00000000000D', 'b5030001-0001-4001-a001-00000000000D', 'Atlantic Ocean', false, 2), ('b5030001-a003-4001-a001-00000000000D', 'b5030001-0001-4001-a001-00000000000D', 'Indian Ocean', true, 3), ('b5030001-a004-4001-a001-00000000000D', 'b5030001-0001-4001-a001-00000000000D', 'Arctic Ocean', false, 4);
INSERT INTO exam_questions (id, exam_section_id, question_id, display_order, marks, negative_marks) VALUES ('b5030001-e001-4001-a001-00000000000D', 'cccccccc-6666-7777-8888-aaaaaaaaaaaa', 'b5030001-0001-4001-a001-00000000000D', 13, 1, 0);

INSERT INTO questions (id, question_bank_id, subject_id, type, difficulty, marks, negative_marks, content_json, is_active, created_by) VALUES ('b5030001-0001-4001-a001-00000000000E', 'dddddddd-1111-2222-3333-444444444444', 'eeeeeeee-1111-2222-3333-444444444444', 'mcq_single', 'medium', 1, 0, '{"text": "What is the capital of Brazil?"}', true, '8b89adb0-4c6a-4209-924d-89e3216eb59b');
INSERT INTO question_options (id, question_id, option_text, is_correct, display_order) VALUES ('b5030001-a001-4001-a001-00000000000E', 'b5030001-0001-4001-a001-00000000000E', 'Rio de Janeiro', false, 1), ('b5030001-a002-4001-a001-00000000000E', 'b5030001-0001-4001-a001-00000000000E', 'Sao Paulo', false, 2), ('b5030001-a003-4001-a001-00000000000E', 'b5030001-0001-4001-a001-00000000000E', 'Brasilia', true, 3), ('b5030001-a004-4001-a001-00000000000E', 'b5030001-0001-4001-a001-00000000000E', 'Salvador', false, 4);
INSERT INTO exam_questions (id, exam_section_id, question_id, display_order, marks, negative_marks) VALUES ('b5030001-e001-4001-a001-00000000000E', 'cccccccc-6666-7777-8888-aaaaaaaaaaaa', 'b5030001-0001-4001-a001-00000000000E', 14, 1, 0);

INSERT INTO questions (id, question_bank_id, subject_id, type, difficulty, marks, negative_marks, content_json, is_active, created_by) VALUES ('b5030001-0001-4001-a001-00000000000F', 'dddddddd-1111-2222-3333-444444444444', 'eeeeeeee-1111-2222-3333-444444444444', 'mcq_single', 'medium', 1, 0, '{"text": "The Andes mountain range is located in which continent?"}', true, '8b89adb0-4c6a-4209-924d-89e3216eb59b');
INSERT INTO question_options (id, question_id, option_text, is_correct, display_order) VALUES ('b5030001-a001-4001-a001-00000000000F', 'b5030001-0001-4001-a001-00000000000F', 'North America', false, 1), ('b5030001-a002-4001-a001-00000000000F', 'b5030001-0001-4001-a001-00000000000F', 'Europe', false, 2), ('b5030001-a003-4001-a001-00000000000F', 'b5030001-0001-4001-a001-00000000000F', 'South America', true, 3), ('b5030001-a004-4001-a001-00000000000F', 'b5030001-0001-4001-a001-00000000000F', 'Asia', false, 4);
INSERT INTO exam_questions (id, exam_section_id, question_id, display_order, marks, negative_marks) VALUES ('b5030001-e001-4001-a001-00000000000F', 'cccccccc-6666-7777-8888-aaaaaaaaaaaa', 'b5030001-0001-4001-a001-00000000000F', 15, 1, 0);

INSERT INTO questions (id, question_bank_id, subject_id, type, difficulty, marks, negative_marks, content_json, is_active, created_by) VALUES ('b5030001-0001-4001-a001-000000000010', 'dddddddd-1111-2222-3333-444444444444', 'eeeeeeee-1111-2222-3333-444444444444', 'mcq_single', 'medium', 1, 0, '{"text": "Which country has the longest coastline in the world?"}', true, '8b89adb0-4c6a-4209-924d-89e3216eb59b');
INSERT INTO question_options (id, question_id, option_text, is_correct, display_order) VALUES ('b5030001-a001-4001-a001-000000000010', 'b5030001-0001-4001-a001-000000000010', 'Russia', false, 1), ('b5030001-a002-4001-a001-000000000010', 'b5030001-0001-4001-a001-000000000010', 'Australia', false, 2), ('b5030001-a003-4001-a001-000000000010', 'b5030001-0001-4001-a001-000000000010', 'Indonesia', false, 3), ('b5030001-a004-4001-a001-000000000010', 'b5030001-0001-4001-a001-000000000010', 'Canada', true, 4);
INSERT INTO exam_questions (id, exam_section_id, question_id, display_order, marks, negative_marks) VALUES ('b5030001-e001-4001-a001-000000000010', 'cccccccc-6666-7777-8888-aaaaaaaaaaaa', 'b5030001-0001-4001-a001-000000000010', 16, 1, 0);

INSERT INTO questions (id, question_bank_id, subject_id, type, difficulty, marks, negative_marks, content_json, is_active, created_by) VALUES ('b5030001-0001-4001-a001-000000000011', 'dddddddd-1111-2222-3333-444444444444', 'eeeeeeee-1111-2222-3333-444444444444', 'mcq_single', 'medium', 1, 0, '{"text": "What is the powerhouse of the cell?"}', true, '8b89adb0-4c6a-4209-924d-89e3216eb59b');
INSERT INTO question_options (id, question_id, option_text, is_correct, display_order) VALUES ('b5030001-a001-4001-a001-000000000011', 'b5030001-0001-4001-a001-000000000011', 'Nucleus', false, 1), ('b5030001-a002-4001-a001-000000000011', 'b5030001-0001-4001-a001-000000000011', 'Ribosome', false, 2), ('b5030001-a003-4001-a001-000000000011', 'b5030001-0001-4001-a001-000000000011', 'Mitochondria', true, 3), ('b5030001-a004-4001-a001-000000000011', 'b5030001-0001-4001-a001-000000000011', 'Golgi body', false, 4);
INSERT INTO exam_questions (id, exam_section_id, question_id, display_order, marks, negative_marks) VALUES ('b5030001-e001-4001-a001-000000000011', 'cccccccc-6666-7777-8888-aaaaaaaaaaaa', 'b5030001-0001-4001-a001-000000000011', 17, 1, 0);

INSERT INTO questions (id, question_bank_id, subject_id, type, difficulty, marks, negative_marks, content_json, is_active, created_by) VALUES ('b5030001-0001-4001-a001-000000000012', 'dddddddd-1111-2222-3333-444444444444', 'eeeeeeee-1111-2222-3333-444444444444', 'mcq_single', 'medium', 1, 0, '{"text": "What is the chemical symbol for sodium?"}', true, '8b89adb0-4c6a-4209-924d-89e3216eb59b');
INSERT INTO question_options (id, question_id, option_text, is_correct, display_order) VALUES ('b5030001-a001-4001-a001-000000000012', 'b5030001-0001-4001-a001-000000000012', 'So', false, 1), ('b5030001-a002-4001-a001-000000000012', 'b5030001-0001-4001-a001-000000000012', 'Sd', false, 2), ('b5030001-a003-4001-a001-000000000012', 'b5030001-0001-4001-a001-000000000012', 'Na', true, 3), ('b5030001-a004-4001-a001-000000000012', 'b5030001-0001-4001-a001-000000000012', 'No', false, 4);
INSERT INTO exam_questions (id, exam_section_id, question_id, display_order, marks, negative_marks) VALUES ('b5030001-e001-4001-a001-000000000012', 'cccccccc-6666-7777-8888-aaaaaaaaaaaa', 'b5030001-0001-4001-a001-000000000012', 18, 1, 0);

INSERT INTO questions (id, question_bank_id, subject_id, type, difficulty, marks, negative_marks, content_json, is_active, created_by) VALUES ('b5030001-0001-4001-a001-000000000013', 'dddddddd-1111-2222-3333-444444444444', 'eeeeeeee-1111-2222-3333-444444444444', 'mcq_single', 'medium', 1, 0, '{"text": "Which planet is known as the Morning Star?"}', true, '8b89adb0-4c6a-4209-924d-89e3216eb59b');
INSERT INTO question_options (id, question_id, option_text, is_correct, display_order) VALUES ('b5030001-a001-4001-a001-000000000013', 'b5030001-0001-4001-a001-000000000013', 'Mars', false, 1), ('b5030001-a002-4001-a001-000000000013', 'b5030001-0001-4001-a001-000000000013', 'Jupiter', false, 2), ('b5030001-a003-4001-a001-000000000013', 'b5030001-0001-4001-a001-000000000013', 'Venus', true, 3), ('b5030001-a004-4001-a001-000000000013', 'b5030001-0001-4001-a001-000000000013', 'Mercury', false, 4);
INSERT INTO exam_questions (id, exam_section_id, question_id, display_order, marks, negative_marks) VALUES ('b5030001-e001-4001-a001-000000000013', 'cccccccc-6666-7777-8888-aaaaaaaaaaaa', 'b5030001-0001-4001-a001-000000000013', 19, 1, 0);

INSERT INTO questions (id, question_bank_id, subject_id, type, difficulty, marks, negative_marks, content_json, is_active, created_by) VALUES ('b5030001-0001-4001-a001-000000000014', 'dddddddd-1111-2222-3333-444444444444', 'eeeeeeee-1111-2222-3333-444444444444', 'mcq_single', 'medium', 1, 0, '{"text": "What is the unit of electric current?"}', true, '8b89adb0-4c6a-4209-924d-89e3216eb59b');
INSERT INTO question_options (id, question_id, option_text, is_correct, display_order) VALUES ('b5030001-a001-4001-a001-000000000014', 'b5030001-0001-4001-a001-000000000014', 'Volt', false, 1), ('b5030001-a002-4001-a001-000000000014', 'b5030001-0001-4001-a001-000000000014', 'Watt', false, 2), ('b5030001-a003-4001-a001-000000000014', 'b5030001-0001-4001-a001-000000000014', 'Ampere', true, 3), ('b5030001-a004-4001-a001-000000000014', 'b5030001-0001-4001-a001-000000000014', 'Ohm', false, 4);
INSERT INTO exam_questions (id, exam_section_id, question_id, display_order, marks, negative_marks) VALUES ('b5030001-e001-4001-a001-000000000014', 'cccccccc-6666-7777-8888-aaaaaaaaaaaa', 'b5030001-0001-4001-a001-000000000014', 20, 1, 0);

INSERT INTO questions (id, question_bank_id, subject_id, type, difficulty, marks, negative_marks, content_json, is_active, created_by) VALUES ('b5030001-0001-4001-a001-000000000015', 'dddddddd-1111-2222-3333-444444444444', 'eeeeeeee-1111-2222-3333-444444444444', 'mcq_single', 'medium', 1, 0, '{"text": "How many chambers does the human heart have?"}', true, '8b89adb0-4c6a-4209-924d-89e3216eb59b');
INSERT INTO question_options (id, question_id, option_text, is_correct, display_order) VALUES ('b5030001-a001-4001-a001-000000000015', 'b5030001-0001-4001-a001-000000000015', '2', false, 1), ('b5030001-a002-4001-a001-000000000015', 'b5030001-0001-4001-a001-000000000015', '3', false, 2), ('b5030001-a003-4001-a001-000000000015', 'b5030001-0001-4001-a001-000000000015', '4', true, 3), ('b5030001-a004-4001-a001-000000000015', 'b5030001-0001-4001-a001-000000000015', '5', false, 4);
INSERT INTO exam_questions (id, exam_section_id, question_id, display_order, marks, negative_marks) VALUES ('b5030001-e001-4001-a001-000000000015', 'cccccccc-6666-7777-8888-aaaaaaaaaaaa', 'b5030001-0001-4001-a001-000000000015', 21, 1, 0);

INSERT INTO questions (id, question_bank_id, subject_id, type, difficulty, marks, negative_marks, content_json, is_active, created_by) VALUES ('b5030001-0001-4001-a001-000000000016', 'dddddddd-1111-2222-3333-444444444444', 'eeeeeeee-1111-2222-3333-444444444444', 'mcq_single', 'medium', 1, 0, '{"text": "What type of lens is used to correct myopia?"}', true, '8b89adb0-4c6a-4209-924d-89e3216eb59b');
INSERT INTO question_options (id, question_id, option_text, is_correct, display_order) VALUES ('b5030001-a001-4001-a001-000000000016', 'b5030001-0001-4001-a001-000000000016', 'Convex', false, 1), ('b5030001-a002-4001-a001-000000000016', 'b5030001-0001-4001-a001-000000000016', 'Concave', true, 2), ('b5030001-a003-4001-a001-000000000016', 'b5030001-0001-4001-a001-000000000016', 'Bifocal', false, 3), ('b5030001-a004-4001-a001-000000000016', 'b5030001-0001-4001-a001-000000000016', 'Cylindrical', false, 4);
INSERT INTO exam_questions (id, exam_section_id, question_id, display_order, marks, negative_marks) VALUES ('b5030001-e001-4001-a001-000000000016', 'cccccccc-6666-7777-8888-aaaaaaaaaaaa', 'b5030001-0001-4001-a001-000000000016', 22, 1, 0);

INSERT INTO questions (id, question_bank_id, subject_id, type, difficulty, marks, negative_marks, content_json, is_active, created_by) VALUES ('b5030001-0001-4001-a001-000000000017', 'dddddddd-1111-2222-3333-444444444444', 'eeeeeeee-1111-2222-3333-444444444444', 'mcq_single', 'medium', 1, 0, '{"text": "Which vitamin deficiency causes scurvy?"}', true, '8b89adb0-4c6a-4209-924d-89e3216eb59b');
INSERT INTO question_options (id, question_id, option_text, is_correct, display_order) VALUES ('b5030001-a001-4001-a001-000000000017', 'b5030001-0001-4001-a001-000000000017', 'Vitamin A', false, 1), ('b5030001-a002-4001-a001-000000000017', 'b5030001-0001-4001-a001-000000000017', 'Vitamin B', false, 2), ('b5030001-a003-4001-a001-000000000017', 'b5030001-0001-4001-a001-000000000017', 'Vitamin C', true, 3), ('b5030001-a004-4001-a001-000000000017', 'b5030001-0001-4001-a001-000000000017', 'Vitamin D', false, 4);
INSERT INTO exam_questions (id, exam_section_id, question_id, display_order, marks, negative_marks) VALUES ('b5030001-e001-4001-a001-000000000017', 'cccccccc-6666-7777-8888-aaaaaaaaaaaa', 'b5030001-0001-4001-a001-000000000017', 23, 1, 0);

INSERT INTO questions (id, question_bank_id, subject_id, type, difficulty, marks, negative_marks, content_json, is_active, created_by) VALUES ('b5030001-0001-4001-a001-000000000018', 'dddddddd-1111-2222-3333-444444444444', 'eeeeeeee-1111-2222-3333-444444444444', 'mcq_single', 'medium', 1, 0, '{"text": "What is the atomic number of carbon?"}', true, '8b89adb0-4c6a-4209-924d-89e3216eb59b');
INSERT INTO question_options (id, question_id, option_text, is_correct, display_order) VALUES ('b5030001-a001-4001-a001-000000000018', 'b5030001-0001-4001-a001-000000000018', '4', false, 1), ('b5030001-a002-4001-a001-000000000018', 'b5030001-0001-4001-a001-000000000018', '6', true, 2), ('b5030001-a003-4001-a001-000000000018', 'b5030001-0001-4001-a001-000000000018', '8', false, 3), ('b5030001-a004-4001-a001-000000000018', 'b5030001-0001-4001-a001-000000000018', '12', false, 4);
INSERT INTO exam_questions (id, exam_section_id, question_id, display_order, marks, negative_marks) VALUES ('b5030001-e001-4001-a001-000000000018', 'cccccccc-6666-7777-8888-aaaaaaaaaaaa', 'b5030001-0001-4001-a001-000000000018', 24, 1, 0);

INSERT INTO questions (id, question_bank_id, subject_id, type, difficulty, marks, negative_marks, content_json, is_active, created_by) VALUES ('b5030001-0001-4001-a001-000000000019', 'dddddddd-1111-2222-3333-444444444444', 'eeeeeeee-1111-2222-3333-444444444444', 'mcq_single', 'medium', 1, 0, '{"text": "How many players are in a cricket team?"}', true, '8b89adb0-4c6a-4209-924d-89e3216eb59b');
INSERT INTO question_options (id, question_id, option_text, is_correct, display_order) VALUES ('b5030001-a001-4001-a001-000000000019', 'b5030001-0001-4001-a001-000000000019', '9', false, 1), ('b5030001-a002-4001-a001-000000000019', 'b5030001-0001-4001-a001-000000000019', '10', false, 2), ('b5030001-a003-4001-a001-000000000019', 'b5030001-0001-4001-a001-000000000019', '11', true, 3), ('b5030001-a004-4001-a001-000000000019', 'b5030001-0001-4001-a001-000000000019', '12', false, 4);
INSERT INTO exam_questions (id, exam_section_id, question_id, display_order, marks, negative_marks) VALUES ('b5030001-e001-4001-a001-000000000019', 'cccccccc-6666-7777-8888-aaaaaaaaaaaa', 'b5030001-0001-4001-a001-000000000019', 25, 1, 0);

INSERT INTO questions (id, question_bank_id, subject_id, type, difficulty, marks, negative_marks, content_json, is_active, created_by) VALUES ('b5030001-0001-4001-a001-00000000001A', 'dddddddd-1111-2222-3333-444444444444', 'eeeeeeee-1111-2222-3333-444444444444', 'mcq_single', 'medium', 1, 0, '{"text": "Which country hosted the 2016 Summer Olympics?"}', true, '8b89adb0-4c6a-4209-924d-89e3216eb59b');
INSERT INTO question_options (id, question_id, option_text, is_correct, display_order) VALUES ('b5030001-a001-4001-a001-00000000001A', 'b5030001-0001-4001-a001-00000000001A', 'China', false, 1), ('b5030001-a002-4001-a001-00000000001A', 'b5030001-0001-4001-a001-00000000001A', 'UK', false, 2), ('b5030001-a003-4001-a001-00000000001A', 'b5030001-0001-4001-a001-00000000001A', 'Brazil', true, 3), ('b5030001-a004-4001-a001-00000000001A', 'b5030001-0001-4001-a001-00000000001A', 'Japan', false, 4);
INSERT INTO exam_questions (id, exam_section_id, question_id, display_order, marks, negative_marks) VALUES ('b5030001-e001-4001-a001-00000000001A', 'cccccccc-6666-7777-8888-aaaaaaaaaaaa', 'b5030001-0001-4001-a001-00000000001A', 26, 1, 0);

INSERT INTO questions (id, question_bank_id, subject_id, type, difficulty, marks, negative_marks, content_json, is_active, created_by) VALUES ('b5030001-0001-4001-a001-00000000001B', 'dddddddd-1111-2222-3333-444444444444', 'eeeeeeee-1111-2222-3333-444444444444', 'mcq_single', 'medium', 1, 0, '{"text": "In tennis what is the term for a score of 40-40?"}', true, '8b89adb0-4c6a-4209-924d-89e3216eb59b');
INSERT INTO question_options (id, question_id, option_text, is_correct, display_order) VALUES ('b5030001-a001-4001-a001-00000000001B', 'b5030001-0001-4001-a001-00000000001B', 'Tie', false, 1), ('b5030001-a002-4001-a001-00000000001B', 'b5030001-0001-4001-a001-00000000001B', 'Deuce', true, 2), ('b5030001-a003-4001-a001-00000000001B', 'b5030001-0001-4001-a001-00000000001B', 'Match point', false, 3), ('b5030001-a004-4001-a001-00000000001B', 'b5030001-0001-4001-a001-00000000001B', 'Advantage', false, 4);
INSERT INTO exam_questions (id, exam_section_id, question_id, display_order, marks, negative_marks) VALUES ('b5030001-e001-4001-a001-00000000001B', 'cccccccc-6666-7777-8888-aaaaaaaaaaaa', 'b5030001-0001-4001-a001-00000000001B', 27, 1, 0);

INSERT INTO questions (id, question_bank_id, subject_id, type, difficulty, marks, negative_marks, content_json, is_active, created_by) VALUES ('b5030001-0001-4001-a001-00000000001C', 'dddddddd-1111-2222-3333-444444444444', 'eeeeeeee-1111-2222-3333-444444444444', 'mcq_single', 'medium', 1, 0, '{"text": "Who holds the record for most international cricket centuries?"}', true, '8b89adb0-4c6a-4209-924d-89e3216eb59b');
INSERT INTO question_options (id, question_id, option_text, is_correct, display_order) VALUES ('b5030001-a001-4001-a001-00000000001C', 'b5030001-0001-4001-a001-00000000001C', 'Ricky Ponting', false, 1), ('b5030001-a002-4001-a001-00000000001C', 'b5030001-0001-4001-a001-00000000001C', 'Virat Kohli', false, 2), ('b5030001-a003-4001-a001-00000000001C', 'b5030001-0001-4001-a001-00000000001C', 'Sachin Tendulkar', true, 3), ('b5030001-a004-4001-a001-00000000001C', 'b5030001-0001-4001-a001-00000000001C', 'Jacques Kallis', false, 4);
INSERT INTO exam_questions (id, exam_section_id, question_id, display_order, marks, negative_marks) VALUES ('b5030001-e001-4001-a001-00000000001C', 'cccccccc-6666-7777-8888-aaaaaaaaaaaa', 'b5030001-0001-4001-a001-00000000001C', 28, 1, 0);

INSERT INTO questions (id, question_bank_id, subject_id, type, difficulty, marks, negative_marks, content_json, is_active, created_by) VALUES ('b5030001-0001-4001-a001-00000000001D', 'dddddddd-1111-2222-3333-444444444444', 'eeeeeeee-1111-2222-3333-444444444444', 'mcq_single', 'medium', 1, 0, '{"text": "The FIFA World Cup is held every how many years?"}', true, '8b89adb0-4c6a-4209-924d-89e3216eb59b');
INSERT INTO question_options (id, question_id, option_text, is_correct, display_order) VALUES ('b5030001-a001-4001-a001-00000000001D', 'b5030001-0001-4001-a001-00000000001D', '2', false, 1), ('b5030001-a002-4001-a001-00000000001D', 'b5030001-0001-4001-a001-00000000001D', '3', false, 2), ('b5030001-a003-4001-a001-00000000001D', 'b5030001-0001-4001-a001-00000000001D', '4', true, 3), ('b5030001-a004-4001-a001-00000000001D', 'b5030001-0001-4001-a001-00000000001D', '5', false, 4);
INSERT INTO exam_questions (id, exam_section_id, question_id, display_order, marks, negative_marks) VALUES ('b5030001-e001-4001-a001-00000000001D', 'cccccccc-6666-7777-8888-aaaaaaaaaaaa', 'b5030001-0001-4001-a001-00000000001D', 29, 1, 0);

INSERT INTO questions (id, question_bank_id, subject_id, type, difficulty, marks, negative_marks, content_json, is_active, created_by) VALUES ('b5030001-0001-4001-a001-00000000001E', 'dddddddd-1111-2222-3333-444444444444', 'eeeeeeee-1111-2222-3333-444444444444', 'mcq_single', 'medium', 1, 0, '{"text": "Badminton originated in which country?"}', true, '8b89adb0-4c6a-4209-924d-89e3216eb59b');
INSERT INTO question_options (id, question_id, option_text, is_correct, display_order) VALUES ('b5030001-a001-4001-a001-00000000001E', 'b5030001-0001-4001-a001-00000000001E', 'China', false, 1), ('b5030001-a002-4001-a001-00000000001E', 'b5030001-0001-4001-a001-00000000001E', 'Japan', false, 2), ('b5030001-a003-4001-a001-00000000001E', 'b5030001-0001-4001-a001-00000000001E', 'India', true, 3), ('b5030001-a004-4001-a001-00000000001E', 'b5030001-0001-4001-a001-00000000001E', 'England', false, 4);
INSERT INTO exam_questions (id, exam_section_id, question_id, display_order, marks, negative_marks) VALUES ('b5030001-e001-4001-a001-00000000001E', 'cccccccc-6666-7777-8888-aaaaaaaaaaaa', 'b5030001-0001-4001-a001-00000000001E', 30, 1, 0);

INSERT INTO questions (id, question_bank_id, subject_id, type, difficulty, marks, negative_marks, content_json, is_active, created_by) VALUES ('b5030001-0001-4001-a001-00000000001F', 'dddddddd-1111-2222-3333-444444444444', 'eeeeeeee-1111-2222-3333-444444444444', 'mcq_single', 'medium', 1, 0, '{"text": "How long is a standard marathon in kilometers?"}', true, '8b89adb0-4c6a-4209-924d-89e3216eb59b');
INSERT INTO question_options (id, question_id, option_text, is_correct, display_order) VALUES ('b5030001-a001-4001-a001-00000000001F', 'b5030001-0001-4001-a001-00000000001F', '21.1 km', false, 1), ('b5030001-a002-4001-a001-00000000001F', 'b5030001-0001-4001-a001-00000000001F', '36.5 km', false, 2), ('b5030001-a003-4001-a001-00000000001F', 'b5030001-0001-4001-a001-00000000001F', '42.195 km', true, 3), ('b5030001-a004-4001-a001-00000000001F', 'b5030001-0001-4001-a001-00000000001F', '50 km', false, 4);
INSERT INTO exam_questions (id, exam_section_id, question_id, display_order, marks, negative_marks) VALUES ('b5030001-e001-4001-a001-00000000001F', 'cccccccc-6666-7777-8888-aaaaaaaaaaaa', 'b5030001-0001-4001-a001-00000000001F', 31, 1, 0);

INSERT INTO questions (id, question_bank_id, subject_id, type, difficulty, marks, negative_marks, content_json, is_active, created_by) VALUES ('b5030001-0001-4001-a001-000000000020', 'dddddddd-1111-2222-3333-444444444444', 'eeeeeeee-1111-2222-3333-444444444444', 'mcq_single', 'medium', 1, 0, '{"text": "Which sport uses the term birdie and eagle?"}', true, '8b89adb0-4c6a-4209-924d-89e3216eb59b');
INSERT INTO question_options (id, question_id, option_text, is_correct, display_order) VALUES ('b5030001-a001-4001-a001-000000000020', 'b5030001-0001-4001-a001-000000000020', 'Cricket', false, 1), ('b5030001-a002-4001-a001-000000000020', 'b5030001-0001-4001-a001-000000000020', 'Tennis', false, 2), ('b5030001-a003-4001-a001-000000000020', 'b5030001-0001-4001-a001-000000000020', 'Golf', true, 3), ('b5030001-a004-4001-a001-000000000020', 'b5030001-0001-4001-a001-000000000020', 'Badminton', false, 4);
INSERT INTO exam_questions (id, exam_section_id, question_id, display_order, marks, negative_marks) VALUES ('b5030001-e001-4001-a001-000000000020', 'cccccccc-6666-7777-8888-aaaaaaaaaaaa', 'b5030001-0001-4001-a001-000000000020', 32, 1, 0);

INSERT INTO questions (id, question_bank_id, subject_id, type, difficulty, marks, negative_marks, content_json, is_active, created_by) VALUES ('b5030001-0001-4001-a001-000000000021', 'dddddddd-1111-2222-3333-444444444444', 'eeeeeeee-1111-2222-3333-444444444444', 'mcq_single', 'medium', 1, 0, '{"text": "How many fundamental rights are in the Indian Constitution?"}', true, '8b89adb0-4c6a-4209-924d-89e3216eb59b');
INSERT INTO question_options (id, question_id, option_text, is_correct, display_order) VALUES ('b5030001-a001-4001-a001-000000000021', 'b5030001-0001-4001-a001-000000000021', '5', false, 1), ('b5030001-a002-4001-a001-000000000021', 'b5030001-0001-4001-a001-000000000021', '6', true, 2), ('b5030001-a003-4001-a001-000000000021', 'b5030001-0001-4001-a001-000000000021', '7', false, 3), ('b5030001-a004-4001-a001-000000000021', 'b5030001-0001-4001-a001-000000000021', '8', false, 4);
INSERT INTO exam_questions (id, exam_section_id, question_id, display_order, marks, negative_marks) VALUES ('b5030001-e001-4001-a001-000000000021', 'cccccccc-6666-7777-8888-aaaaaaaaaaaa', 'b5030001-0001-4001-a001-000000000021', 33, 1, 0);

INSERT INTO questions (id, question_bank_id, subject_id, type, difficulty, marks, negative_marks, content_json, is_active, created_by) VALUES ('b5030001-0001-4001-a001-000000000022', 'dddddddd-1111-2222-3333-444444444444', 'eeeeeeee-1111-2222-3333-444444444444', 'mcq_single', 'medium', 1, 0, '{"text": "Who is known as the Father of the Indian Constitution?"}', true, '8b89adb0-4c6a-4209-924d-89e3216eb59b');
INSERT INTO question_options (id, question_id, option_text, is_correct, display_order) VALUES ('b5030001-a001-4001-a001-000000000022', 'b5030001-0001-4001-a001-000000000022', 'Mahatma Gandhi', false, 1), ('b5030001-a002-4001-a001-000000000022', 'b5030001-0001-4001-a001-000000000022', 'Jawaharlal Nehru', false, 2), ('b5030001-a003-4001-a001-000000000022', 'b5030001-0001-4001-a001-000000000022', 'B.R. Ambedkar', true, 3), ('b5030001-a004-4001-a001-000000000022', 'b5030001-0001-4001-a001-000000000022', 'Rajendra Prasad', false, 4);
INSERT INTO exam_questions (id, exam_section_id, question_id, display_order, marks, negative_marks) VALUES ('b5030001-e001-4001-a001-000000000022', 'cccccccc-6666-7777-8888-aaaaaaaaaaaa', 'b5030001-0001-4001-a001-000000000022', 34, 1, 0);

INSERT INTO questions (id, question_bank_id, subject_id, type, difficulty, marks, negative_marks, content_json, is_active, created_by) VALUES ('b5030001-0001-4001-a001-000000000023', 'dddddddd-1111-2222-3333-444444444444', 'eeeeeeee-1111-2222-3333-444444444444', 'mcq_single', 'medium', 1, 0, '{"text": "The Indian Constitution was adopted on which date?"}', true, '8b89adb0-4c6a-4209-924d-89e3216eb59b');
INSERT INTO question_options (id, question_id, option_text, is_correct, display_order) VALUES ('b5030001-a001-4001-a001-000000000023', 'b5030001-0001-4001-a001-000000000023', '26 January 1950', false, 1), ('b5030001-a002-4001-a001-000000000023', 'b5030001-0001-4001-a001-000000000023', '15 August 1947', false, 2), ('b5030001-a003-4001-a001-000000000023', 'b5030001-0001-4001-a001-000000000023', '26 November 1949', true, 3), ('b5030001-a004-4001-a001-000000000023', 'b5030001-0001-4001-a001-000000000023', '2 October 1950', false, 4);
INSERT INTO exam_questions (id, exam_section_id, question_id, display_order, marks, negative_marks) VALUES ('b5030001-e001-4001-a001-000000000023', 'cccccccc-6666-7777-8888-aaaaaaaaaaaa', 'b5030001-0001-4001-a001-000000000023', 35, 1, 0);

INSERT INTO questions (id, question_bank_id, subject_id, type, difficulty, marks, negative_marks, content_json, is_active, created_by) VALUES ('b5030001-0001-4001-a001-000000000024', 'dddddddd-1111-2222-3333-444444444444', 'eeeeeeee-1111-2222-3333-444444444444', 'mcq_single', 'medium', 1, 0, '{"text": "What is the minimum age to become President of India?"}', true, '8b89adb0-4c6a-4209-924d-89e3216eb59b');
INSERT INTO question_options (id, question_id, option_text, is_correct, display_order) VALUES ('b5030001-a001-4001-a001-000000000024', 'b5030001-0001-4001-a001-000000000024', '25 years', false, 1), ('b5030001-a002-4001-a001-000000000024', 'b5030001-0001-4001-a001-000000000024', '30 years', false, 2), ('b5030001-a003-4001-a001-000000000024', 'b5030001-0001-4001-a001-000000000024', '35 years', true, 3), ('b5030001-a004-4001-a001-000000000024', 'b5030001-0001-4001-a001-000000000024', '40 years', false, 4);
INSERT INTO exam_questions (id, exam_section_id, question_id, display_order, marks, negative_marks) VALUES ('b5030001-e001-4001-a001-000000000024', 'cccccccc-6666-7777-8888-aaaaaaaaaaaa', 'b5030001-0001-4001-a001-000000000024', 36, 1, 0);

INSERT INTO questions (id, question_bank_id, subject_id, type, difficulty, marks, negative_marks, content_json, is_active, created_by) VALUES ('b5030001-0001-4001-a001-000000000025', 'dddddddd-1111-2222-3333-444444444444', 'eeeeeeee-1111-2222-3333-444444444444', 'mcq_single', 'medium', 1, 0, '{"text": "Which article of the Indian Constitution abolishes untouchability?"}', true, '8b89adb0-4c6a-4209-924d-89e3216eb59b');
INSERT INTO question_options (id, question_id, option_text, is_correct, display_order) VALUES ('b5030001-a001-4001-a001-000000000025', 'b5030001-0001-4001-a001-000000000025', 'Article 14', false, 1), ('b5030001-a002-4001-a001-000000000025', 'b5030001-0001-4001-a001-000000000025', 'Article 15', false, 2), ('b5030001-a003-4001-a001-000000000025', 'b5030001-0001-4001-a001-000000000025', 'Article 17', true, 3), ('b5030001-a004-4001-a001-000000000025', 'b5030001-0001-4001-a001-000000000025', 'Article 19', false, 4);
INSERT INTO exam_questions (id, exam_section_id, question_id, display_order, marks, negative_marks) VALUES ('b5030001-e001-4001-a001-000000000025', 'cccccccc-6666-7777-8888-aaaaaaaaaaaa', 'b5030001-0001-4001-a001-000000000025', 37, 1, 0);

INSERT INTO questions (id, question_bank_id, subject_id, type, difficulty, marks, negative_marks, content_json, is_active, created_by) VALUES ('b5030001-0001-4001-a001-000000000026', 'dddddddd-1111-2222-3333-444444444444', 'eeeeeeee-1111-2222-3333-444444444444', 'mcq_single', 'medium', 1, 0, '{"text": "How many schedules are in the Indian Constitution?"}', true, '8b89adb0-4c6a-4209-924d-89e3216eb59b');
INSERT INTO question_options (id, question_id, option_text, is_correct, display_order) VALUES ('b5030001-a001-4001-a001-000000000026', 'b5030001-0001-4001-a001-000000000026', '8', false, 1), ('b5030001-a002-4001-a001-000000000026', 'b5030001-0001-4001-a001-000000000026', '10', false, 2), ('b5030001-a003-4001-a001-000000000026', 'b5030001-0001-4001-a001-000000000026', '12', true, 3), ('b5030001-a004-4001-a001-000000000026', 'b5030001-0001-4001-a001-000000000026', '14', false, 4);
INSERT INTO exam_questions (id, exam_section_id, question_id, display_order, marks, negative_marks) VALUES ('b5030001-e001-4001-a001-000000000026', 'cccccccc-6666-7777-8888-aaaaaaaaaaaa', 'b5030001-0001-4001-a001-000000000026', 38, 1, 0);

INSERT INTO questions (id, question_bank_id, subject_id, type, difficulty, marks, negative_marks, content_json, is_active, created_by) VALUES ('b5030001-0001-4001-a001-000000000027', 'dddddddd-1111-2222-3333-444444444444', 'eeeeeeee-1111-2222-3333-444444444444', 'mcq_single', 'medium', 1, 0, '{"text": "What does CPU stand for?"}', true, '8b89adb0-4c6a-4209-924d-89e3216eb59b');
INSERT INTO question_options (id, question_id, option_text, is_correct, display_order) VALUES ('b5030001-a001-4001-a001-000000000027', 'b5030001-0001-4001-a001-000000000027', 'Central Processing Unit', true, 1), ('b5030001-a002-4001-a001-000000000027', 'b5030001-0001-4001-a001-000000000027', 'Computer Personal Unit', false, 2), ('b5030001-a003-4001-a001-000000000027', 'b5030001-0001-4001-a001-000000000027', 'Central Program Utility', false, 3), ('b5030001-a004-4001-a001-000000000027', 'b5030001-0001-4001-a001-000000000027', 'Core Processing Unit', false, 4);
INSERT INTO exam_questions (id, exam_section_id, question_id, display_order, marks, negative_marks) VALUES ('b5030001-e001-4001-a001-000000000027', 'cccccccc-6666-7777-8888-aaaaaaaaaaaa', 'b5030001-0001-4001-a001-000000000027', 39, 1, 0);

INSERT INTO questions (id, question_bank_id, subject_id, type, difficulty, marks, negative_marks, content_json, is_active, created_by) VALUES ('b5030001-0001-4001-a001-000000000028', 'dddddddd-1111-2222-3333-444444444444', 'eeeeeeee-1111-2222-3333-444444444444', 'mcq_single', 'medium', 1, 0, '{"text": "Which device is used to input text into a computer?"}', true, '8b89adb0-4c6a-4209-924d-89e3216eb59b');
INSERT INTO question_options (id, question_id, option_text, is_correct, display_order) VALUES ('b5030001-a001-4001-a001-000000000028', 'b5030001-0001-4001-a001-000000000028', 'Monitor', false, 1), ('b5030001-a002-4001-a001-000000000028', 'b5030001-0001-4001-a001-000000000028', 'Printer', false, 2), ('b5030001-a003-4001-a001-000000000028', 'b5030001-0001-4001-a001-000000000028', 'Keyboard', true, 3), ('b5030001-a004-4001-a001-000000000028', 'b5030001-0001-4001-a001-000000000028', 'Speaker', false, 4);
INSERT INTO exam_questions (id, exam_section_id, question_id, display_order, marks, negative_marks) VALUES ('b5030001-e001-4001-a001-000000000028', 'cccccccc-6666-7777-8888-aaaaaaaaaaaa', 'b5030001-0001-4001-a001-000000000028', 40, 1, 0);

INSERT INTO questions (id, question_bank_id, subject_id, type, difficulty, marks, negative_marks, content_json, is_active, created_by) VALUES ('b5030001-0001-4001-a001-000000000029', 'dddddddd-1111-2222-3333-444444444444', 'eeeeeeee-1111-2222-3333-444444444444', 'mcq_single', 'medium', 1, 0, '{"text": "What does RAM stand for?"}', true, '8b89adb0-4c6a-4209-924d-89e3216eb59b');
INSERT INTO question_options (id, question_id, option_text, is_correct, display_order) VALUES ('b5030001-a001-4001-a001-000000000029', 'b5030001-0001-4001-a001-000000000029', 'Read Access Memory', false, 1), ('b5030001-a002-4001-a001-000000000029', 'b5030001-0001-4001-a001-000000000029', 'Random Access Memory', true, 2), ('b5030001-a003-4001-a001-000000000029', 'b5030001-0001-4001-a001-000000000029', 'Run Application Memory', false, 3), ('b5030001-a004-4001-a001-000000000029', 'b5030001-0001-4001-a001-000000000029', 'Real Active Memory', false, 4);
INSERT INTO exam_questions (id, exam_section_id, question_id, display_order, marks, negative_marks) VALUES ('b5030001-e001-4001-a001-000000000029', 'cccccccc-6666-7777-8888-aaaaaaaaaaaa', 'b5030001-0001-4001-a001-000000000029', 41, 1, 0);

INSERT INTO questions (id, question_bank_id, subject_id, type, difficulty, marks, negative_marks, content_json, is_active, created_by) VALUES ('b5030001-0001-4001-a001-00000000002A', 'dddddddd-1111-2222-3333-444444444444', 'eeeeeeee-1111-2222-3333-444444444444', 'mcq_single', 'medium', 1, 0, '{"text": "Which of these is an operating system?"}', true, '8b89adb0-4c6a-4209-924d-89e3216eb59b');
INSERT INTO question_options (id, question_id, option_text, is_correct, display_order) VALUES ('b5030001-a001-4001-a001-00000000002A', 'b5030001-0001-4001-a001-00000000002A', 'Python', false, 1), ('b5030001-a002-4001-a001-00000000002A', 'b5030001-0001-4001-a001-00000000002A', 'Microsoft Word', false, 2), ('b5030001-a003-4001-a001-00000000002A', 'b5030001-0001-4001-a001-00000000002A', 'Linux', true, 3), ('b5030001-a004-4001-a001-00000000002A', 'b5030001-0001-4001-a001-00000000002A', 'Google Chrome', false, 4);
INSERT INTO exam_questions (id, exam_section_id, question_id, display_order, marks, negative_marks) VALUES ('b5030001-e001-4001-a001-00000000002A', 'cccccccc-6666-7777-8888-aaaaaaaaaaaa', 'b5030001-0001-4001-a001-00000000002A', 42, 1, 0);

INSERT INTO questions (id, question_bank_id, subject_id, type, difficulty, marks, negative_marks, content_json, is_active, created_by) VALUES ('b5030001-0001-4001-a001-00000000002B', 'dddddddd-1111-2222-3333-444444444444', 'eeeeeeee-1111-2222-3333-444444444444', 'mcq_single', 'medium', 1, 0, '{"text": "How many bits are in one byte?"}', true, '8b89adb0-4c6a-4209-924d-89e3216eb59b');
INSERT INTO question_options (id, question_id, option_text, is_correct, display_order) VALUES ('b5030001-a001-4001-a001-00000000002B', 'b5030001-0001-4001-a001-00000000002B', '4', false, 1), ('b5030001-a002-4001-a001-00000000002B', 'b5030001-0001-4001-a001-00000000002B', '6', false, 2), ('b5030001-a003-4001-a001-00000000002B', 'b5030001-0001-4001-a001-00000000002B', '8', true, 3), ('b5030001-a004-4001-a001-00000000002B', 'b5030001-0001-4001-a001-00000000002B', '16', false, 4);
INSERT INTO exam_questions (id, exam_section_id, question_id, display_order, marks, negative_marks) VALUES ('b5030001-e001-4001-a001-00000000002B', 'cccccccc-6666-7777-8888-aaaaaaaaaaaa', 'b5030001-0001-4001-a001-00000000002B', 43, 1, 0);

INSERT INTO questions (id, question_bank_id, subject_id, type, difficulty, marks, negative_marks, content_json, is_active, created_by) VALUES ('b5030001-0001-4001-a001-00000000002C', 'dddddddd-1111-2222-3333-444444444444', 'eeeeeeee-1111-2222-3333-444444444444', 'mcq_single', 'medium', 1, 0, '{"text": "What does HTML stand for?"}', true, '8b89adb0-4c6a-4209-924d-89e3216eb59b');
INSERT INTO question_options (id, question_id, option_text, is_correct, display_order) VALUES ('b5030001-a001-4001-a001-00000000002C', 'b5030001-0001-4001-a001-00000000002C', 'Hyper Text Markup Language', true, 1), ('b5030001-a002-4001-a001-00000000002C', 'b5030001-0001-4001-a001-00000000002C', 'High Tech Modern Language', false, 2), ('b5030001-a003-4001-a001-00000000002C', 'b5030001-0001-4001-a001-00000000002C', 'Hyper Transfer Markup Language', false, 3), ('b5030001-a004-4001-a001-00000000002C', 'b5030001-0001-4001-a001-00000000002C', 'Home Tool Markup Language', false, 4);
INSERT INTO exam_questions (id, exam_section_id, question_id, display_order, marks, negative_marks) VALUES ('b5030001-e001-4001-a001-00000000002C', 'cccccccc-6666-7777-8888-aaaaaaaaaaaa', 'b5030001-0001-4001-a001-00000000002C', 44, 1, 0);

INSERT INTO questions (id, question_bank_id, subject_id, type, difficulty, marks, negative_marks, content_json, is_active, created_by) VALUES ('b5030001-0001-4001-a001-00000000002D', 'dddddddd-1111-2222-3333-444444444444', 'eeeeeeee-1111-2222-3333-444444444444', 'mcq_single', 'medium', 1, 0, '{"text": "Which generation of computers introduced microprocessors?"}', true, '8b89adb0-4c6a-4209-924d-89e3216eb59b');
INSERT INTO question_options (id, question_id, option_text, is_correct, display_order) VALUES ('b5030001-a001-4001-a001-00000000002D', 'b5030001-0001-4001-a001-00000000002D', 'First', false, 1), ('b5030001-a002-4001-a001-00000000002D', 'b5030001-0001-4001-a001-00000000002D', 'Second', false, 2), ('b5030001-a003-4001-a001-00000000002D', 'b5030001-0001-4001-a001-00000000002D', 'Third', false, 3), ('b5030001-a004-4001-a001-00000000002D', 'b5030001-0001-4001-a001-00000000002D', 'Fourth', true, 4);
INSERT INTO exam_questions (id, exam_section_id, question_id, display_order, marks, negative_marks) VALUES ('b5030001-e001-4001-a001-00000000002D', 'cccccccc-6666-7777-8888-aaaaaaaaaaaa', 'b5030001-0001-4001-a001-00000000002D', 45, 1, 0);

INSERT INTO questions (id, question_bank_id, subject_id, type, difficulty, marks, negative_marks, content_json, is_active, created_by) VALUES ('b5030001-0001-4001-a001-00000000002E', 'dddddddd-1111-2222-3333-444444444444', 'eeeeeeee-1111-2222-3333-444444444444', 'mcq_single', 'medium', 1, 0, '{"text": "What is the binary equivalent of decimal number 10?"}', true, '8b89adb0-4c6a-4209-924d-89e3216eb59b');
INSERT INTO question_options (id, question_id, option_text, is_correct, display_order) VALUES ('b5030001-a001-4001-a001-00000000002E', 'b5030001-0001-4001-a001-00000000002E', '1000', false, 1), ('b5030001-a002-4001-a001-00000000002E', 'b5030001-0001-4001-a001-00000000002E', '1010', true, 2), ('b5030001-a003-4001-a001-00000000002E', 'b5030001-0001-4001-a001-00000000002E', '1100', false, 3), ('b5030001-a004-4001-a001-00000000002E', 'b5030001-0001-4001-a001-00000000002E', '1001', false, 4);
INSERT INTO exam_questions (id, exam_section_id, question_id, display_order, marks, negative_marks) VALUES ('b5030001-e001-4001-a001-00000000002E', 'cccccccc-6666-7777-8888-aaaaaaaaaaaa', 'b5030001-0001-4001-a001-00000000002E', 46, 1, 0);

INSERT INTO questions (id, question_bank_id, subject_id, type, difficulty, marks, negative_marks, content_json, is_active, created_by) VALUES ('b5030001-0001-4001-a001-00000000002F', 'dddddddd-1111-2222-3333-444444444444', 'eeeeeeee-1111-2222-3333-444444444444', 'mcq_single', 'medium', 1, 0, '{"text": "What is 15 percent of 200?"}', true, '8b89adb0-4c6a-4209-924d-89e3216eb59b');
INSERT INTO question_options (id, question_id, option_text, is_correct, display_order) VALUES ('b5030001-a001-4001-a001-00000000002F', 'b5030001-0001-4001-a001-00000000002F', '20', false, 1), ('b5030001-a002-4001-a001-00000000002F', 'b5030001-0001-4001-a001-00000000002F', '25', false, 2), ('b5030001-a003-4001-a001-00000000002F', 'b5030001-0001-4001-a001-00000000002F', '30', true, 3), ('b5030001-a004-4001-a001-00000000002F', 'b5030001-0001-4001-a001-00000000002F', '35', false, 4);
INSERT INTO exam_questions (id, exam_section_id, question_id, display_order, marks, negative_marks) VALUES ('b5030001-e001-4001-a001-00000000002F', 'cccccccc-6666-7777-8888-aaaaaaaaaaaa', 'b5030001-0001-4001-a001-00000000002F', 47, 1, 0);

INSERT INTO questions (id, question_bank_id, subject_id, type, difficulty, marks, negative_marks, content_json, is_active, created_by) VALUES ('b5030001-0001-4001-a001-000000000030', 'dddddddd-1111-2222-3333-444444444444', 'eeeeeeee-1111-2222-3333-444444444444', 'mcq_single', 'medium', 1, 0, '{"text": "If a train travels 120 km in 2 hours what is its speed?"}', true, '8b89adb0-4c6a-4209-924d-89e3216eb59b');
INSERT INTO question_options (id, question_id, option_text, is_correct, display_order) VALUES ('b5030001-a001-4001-a001-000000000030', 'b5030001-0001-4001-a001-000000000030', '40 km/h', false, 1), ('b5030001-a002-4001-a001-000000000030', 'b5030001-0001-4001-a001-000000000030', '50 km/h', false, 2), ('b5030001-a003-4001-a001-000000000030', 'b5030001-0001-4001-a001-000000000030', '60 km/h', true, 3), ('b5030001-a004-4001-a001-000000000030', 'b5030001-0001-4001-a001-000000000030', '80 km/h', false, 4);
INSERT INTO exam_questions (id, exam_section_id, question_id, display_order, marks, negative_marks) VALUES ('b5030001-e001-4001-a001-000000000030', 'cccccccc-6666-7777-8888-aaaaaaaaaaaa', 'b5030001-0001-4001-a001-000000000030', 48, 1, 0);

INSERT INTO questions (id, question_bank_id, subject_id, type, difficulty, marks, negative_marks, content_json, is_active, created_by) VALUES ('b5030001-0001-4001-a001-000000000031', 'dddddddd-1111-2222-3333-444444444444', 'eeeeeeee-1111-2222-3333-444444444444', 'mcq_single', 'medium', 1, 0, '{"text": "What is the next number in the series: 2, 6, 18, 54, ...?"}', true, '8b89adb0-4c6a-4209-924d-89e3216eb59b');
INSERT INTO question_options (id, question_id, option_text, is_correct, display_order) VALUES ('b5030001-a001-4001-a001-000000000031', 'b5030001-0001-4001-a001-000000000031', '108', false, 1), ('b5030001-a002-4001-a001-000000000031', 'b5030001-0001-4001-a001-000000000031', '162', true, 2), ('b5030001-a003-4001-a001-000000000031', 'b5030001-0001-4001-a001-000000000031', '72', false, 3), ('b5030001-a004-4001-a001-000000000031', 'b5030001-0001-4001-a001-000000000031', '96', false, 4);
INSERT INTO exam_questions (id, exam_section_id, question_id, display_order, marks, negative_marks) VALUES ('b5030001-e001-4001-a001-000000000031', 'cccccccc-6666-7777-8888-aaaaaaaaaaaa', 'b5030001-0001-4001-a001-000000000031', 49, 1, 0);

INSERT INTO questions (id, question_bank_id, subject_id, type, difficulty, marks, negative_marks, content_json, is_active, created_by) VALUES ('b5030001-0001-4001-a001-000000000032', 'dddddddd-1111-2222-3333-444444444444', 'eeeeeeee-1111-2222-3333-444444444444', 'mcq_single', 'medium', 1, 0, '{"text": "The sum of angles in a triangle is?"}', true, '8b89adb0-4c6a-4209-924d-89e3216eb59b');
INSERT INTO question_options (id, question_id, option_text, is_correct, display_order) VALUES ('b5030001-a001-4001-a001-000000000032', 'b5030001-0001-4001-a001-000000000032', '90 degrees', false, 1), ('b5030001-a002-4001-a001-000000000032', 'b5030001-0001-4001-a001-000000000032', '180 degrees', true, 2), ('b5030001-a003-4001-a001-000000000032', 'b5030001-0001-4001-a001-000000000032', '270 degrees', false, 3), ('b5030001-a004-4001-a001-000000000032', 'b5030001-0001-4001-a001-000000000032', '360 degrees', false, 4);
INSERT INTO exam_questions (id, exam_section_id, question_id, display_order, marks, negative_marks) VALUES ('b5030001-e001-4001-a001-000000000032', 'cccccccc-6666-7777-8888-aaaaaaaaaaaa', 'b5030001-0001-4001-a001-000000000032', 50, 1, 0);

INSERT INTO questions (id, question_bank_id, subject_id, type, difficulty, marks, negative_marks, content_json, is_active, created_by) VALUES ('b5030001-0001-4001-a001-000000000033', 'dddddddd-1111-2222-3333-444444444444', 'eeeeeeee-1111-2222-3333-444444444444', 'mcq_single', 'medium', 1, 0, '{"text": "What is the LCM of 12 and 18?"}', true, '8b89adb0-4c6a-4209-924d-89e3216eb59b');
INSERT INTO question_options (id, question_id, option_text, is_correct, display_order) VALUES ('b5030001-a001-4001-a001-000000000033', 'b5030001-0001-4001-a001-000000000033', '6', false, 1), ('b5030001-a002-4001-a001-000000000033', 'b5030001-0001-4001-a001-000000000033', '24', false, 2), ('b5030001-a003-4001-a001-000000000033', 'b5030001-0001-4001-a001-000000000033', '36', true, 3), ('b5030001-a004-4001-a001-000000000033', 'b5030001-0001-4001-a001-000000000033', '72', false, 4);
INSERT INTO exam_questions (id, exam_section_id, question_id, display_order, marks, negative_marks) VALUES ('b5030001-e001-4001-a001-000000000033', 'cccccccc-6666-7777-8888-aaaaaaaaaaaa', 'b5030001-0001-4001-a001-000000000033', 51, 1, 0);

INSERT INTO questions (id, question_bank_id, subject_id, type, difficulty, marks, negative_marks, content_json, is_active, created_by) VALUES ('b5030001-0001-4001-a001-000000000034', 'dddddddd-1111-2222-3333-444444444444', 'eeeeeeee-1111-2222-3333-444444444444', 'mcq_single', 'medium', 1, 0, '{"text": "A circle has how many lines of symmetry?"}', true, '8b89adb0-4c6a-4209-924d-89e3216eb59b');
INSERT INTO question_options (id, question_id, option_text, is_correct, display_order) VALUES ('b5030001-a001-4001-a001-000000000034', 'b5030001-0001-4001-a001-000000000034', '1', false, 1), ('b5030001-a002-4001-a001-000000000034', 'b5030001-0001-4001-a001-000000000034', '2', false, 2), ('b5030001-a003-4001-a001-000000000034', 'b5030001-0001-4001-a001-000000000034', '4', false, 3), ('b5030001-a004-4001-a001-000000000034', 'b5030001-0001-4001-a001-000000000034', 'Infinite', true, 4);
INSERT INTO exam_questions (id, exam_section_id, question_id, display_order, marks, negative_marks) VALUES ('b5030001-e001-4001-a001-000000000034', 'cccccccc-6666-7777-8888-aaaaaaaaaaaa', 'b5030001-0001-4001-a001-000000000034', 52, 1, 0);

INSERT INTO questions (id, question_bank_id, subject_id, type, difficulty, marks, negative_marks, content_json, is_active, created_by) VALUES ('b5030001-0001-4001-a001-000000000035', 'dddddddd-1111-2222-3333-444444444444', 'eeeeeeee-1111-2222-3333-444444444444', 'mcq_single', 'medium', 1, 0, '{"text": "If APPLE is coded as ELPPA then ORANGE is coded as?"}', true, '8b89adb0-4c6a-4209-924d-89e3216eb59b');
INSERT INTO question_options (id, question_id, option_text, is_correct, display_order) VALUES ('b5030001-a001-4001-a001-000000000035', 'b5030001-0001-4001-a001-000000000035', 'EGNARO', true, 1), ('b5030001-a002-4001-a001-000000000035', 'b5030001-0001-4001-a001-000000000035', 'OGRENA', false, 2), ('b5030001-a003-4001-a001-000000000035', 'b5030001-0001-4001-a001-000000000035', 'ERANGOQ', false, 3), ('b5030001-a004-4001-a001-000000000035', 'b5030001-0001-4001-a001-000000000035', 'NGAORE', false, 4);
INSERT INTO exam_questions (id, exam_section_id, question_id, display_order, marks, negative_marks) VALUES ('b5030001-e001-4001-a001-000000000035', 'cccccccc-6666-7777-8888-aaaaaaaaaaaa', 'b5030001-0001-4001-a001-000000000035', 53, 1, 0);

INSERT INTO questions (id, question_bank_id, subject_id, type, difficulty, marks, negative_marks, content_json, is_active, created_by) VALUES ('b5030001-0001-4001-a001-000000000036', 'dddddddd-1111-2222-3333-444444444444', 'eeeeeeee-1111-2222-3333-444444444444', 'mcq_single', 'medium', 1, 0, '{"text": "Find the odd one out: Dog, Cat, Tiger, Rose"}', true, '8b89adb0-4c6a-4209-924d-89e3216eb59b');
INSERT INTO question_options (id, question_id, option_text, is_correct, display_order) VALUES ('b5030001-a001-4001-a001-000000000036', 'b5030001-0001-4001-a001-000000000036', 'Dog', false, 1), ('b5030001-a002-4001-a001-000000000036', 'b5030001-0001-4001-a001-000000000036', 'Cat', false, 2), ('b5030001-a003-4001-a001-000000000036', 'b5030001-0001-4001-a001-000000000036', 'Tiger', false, 3), ('b5030001-a004-4001-a001-000000000036', 'b5030001-0001-4001-a001-000000000036', 'Rose', true, 4);
INSERT INTO exam_questions (id, exam_section_id, question_id, display_order, marks, negative_marks) VALUES ('b5030001-e001-4001-a001-000000000036', 'cccccccc-6666-7777-8888-aaaaaaaaaaaa', 'b5030001-0001-4001-a001-000000000036', 54, 1, 0);

INSERT INTO questions (id, question_bank_id, subject_id, type, difficulty, marks, negative_marks, content_json, is_active, created_by) VALUES ('b5030001-0001-4001-a001-000000000037', 'dddddddd-1111-2222-3333-444444444444', 'eeeeeeee-1111-2222-3333-444444444444', 'mcq_single', 'medium', 1, 0, '{"text": "Complete the pattern: A1, B2, C3, D4, ...?"}', true, '8b89adb0-4c6a-4209-924d-89e3216eb59b');
INSERT INTO question_options (id, question_id, option_text, is_correct, display_order) VALUES ('b5030001-a001-4001-a001-000000000037', 'b5030001-0001-4001-a001-000000000037', 'E5', true, 1), ('b5030001-a002-4001-a001-000000000037', 'b5030001-0001-4001-a001-000000000037', 'F5', false, 2), ('b5030001-a003-4001-a001-000000000037', 'b5030001-0001-4001-a001-000000000037', 'E6', false, 3), ('b5030001-a004-4001-a001-000000000037', 'b5030001-0001-4001-a001-000000000037', 'D5', false, 4);
INSERT INTO exam_questions (id, exam_section_id, question_id, display_order, marks, negative_marks) VALUES ('b5030001-e001-4001-a001-000000000037', 'cccccccc-6666-7777-8888-aaaaaaaaaaaa', 'b5030001-0001-4001-a001-000000000037', 55, 1, 0);

INSERT INTO questions (id, question_bank_id, subject_id, type, difficulty, marks, negative_marks, content_json, is_active, created_by) VALUES ('b5030001-0001-4001-a001-000000000038', 'dddddddd-1111-2222-3333-444444444444', 'eeeeeeee-1111-2222-3333-444444444444', 'mcq_single', 'medium', 1, 0, '{"text": "If 5 workers can build a wall in 10 days how long will 10 workers take?"}', true, '8b89adb0-4c6a-4209-924d-89e3216eb59b');
INSERT INTO question_options (id, question_id, option_text, is_correct, display_order) VALUES ('b5030001-a001-4001-a001-000000000038', 'b5030001-0001-4001-a001-000000000038', '20 days', false, 1), ('b5030001-a002-4001-a001-000000000038', 'b5030001-0001-4001-a001-000000000038', '5 days', true, 2), ('b5030001-a003-4001-a001-000000000038', 'b5030001-0001-4001-a001-000000000038', '15 days', false, 3), ('b5030001-a004-4001-a001-000000000038', 'b5030001-0001-4001-a001-000000000038', '8 days', false, 4);
INSERT INTO exam_questions (id, exam_section_id, question_id, display_order, marks, negative_marks) VALUES ('b5030001-e001-4001-a001-000000000038', 'cccccccc-6666-7777-8888-aaaaaaaaaaaa', 'b5030001-0001-4001-a001-000000000038', 56, 1, 0);

INSERT INTO questions (id, question_bank_id, subject_id, type, difficulty, marks, negative_marks, content_json, is_active, created_by) VALUES ('b5030001-0001-4001-a001-000000000039', 'dddddddd-1111-2222-3333-444444444444', 'eeeeeeee-1111-2222-3333-444444444444', 'mcq_single', 'medium', 1, 0, '{"text": "Which is the largest country by area?"}', true, '8b89adb0-4c6a-4209-924d-89e3216eb59b');
INSERT INTO question_options (id, question_id, option_text, is_correct, display_order) VALUES ('b5030001-a001-4001-a001-000000000039', 'b5030001-0001-4001-a001-000000000039', 'China', false, 1), ('b5030001-a002-4001-a001-000000000039', 'b5030001-0001-4001-a001-000000000039', 'USA', false, 2), ('b5030001-a003-4001-a001-000000000039', 'b5030001-0001-4001-a001-000000000039', 'Canada', false, 3), ('b5030001-a004-4001-a001-000000000039', 'b5030001-0001-4001-a001-000000000039', 'Russia', true, 4);
INSERT INTO exam_questions (id, exam_section_id, question_id, display_order, marks, negative_marks) VALUES ('b5030001-e001-4001-a001-000000000039', 'cccccccc-6666-7777-8888-aaaaaaaaaaaa', 'b5030001-0001-4001-a001-000000000039', 57, 1, 0);

INSERT INTO questions (id, question_bank_id, subject_id, type, difficulty, marks, negative_marks, content_json, is_active, created_by) VALUES ('b5030001-0001-4001-a001-00000000003A', 'dddddddd-1111-2222-3333-444444444444', 'eeeeeeee-1111-2222-3333-444444444444', 'mcq_single', 'medium', 1, 0, '{"text": "The United Nations headquarters is located in which city?"}', true, '8b89adb0-4c6a-4209-924d-89e3216eb59b');
INSERT INTO question_options (id, question_id, option_text, is_correct, display_order) VALUES ('b5030001-a001-4001-a001-00000000003A', 'b5030001-0001-4001-a001-00000000003A', 'Geneva', false, 1), ('b5030001-a002-4001-a001-00000000003A', 'b5030001-0001-4001-a001-00000000003A', 'London', false, 2), ('b5030001-a003-4001-a001-00000000003A', 'b5030001-0001-4001-a001-00000000003A', 'New York', true, 3), ('b5030001-a004-4001-a001-00000000003A', 'b5030001-0001-4001-a001-00000000003A', 'Paris', false, 4);
INSERT INTO exam_questions (id, exam_section_id, question_id, display_order, marks, negative_marks) VALUES ('b5030001-e001-4001-a001-00000000003A', 'cccccccc-6666-7777-8888-aaaaaaaaaaaa', 'b5030001-0001-4001-a001-00000000003A', 58, 1, 0);

INSERT INTO questions (id, question_bank_id, subject_id, type, difficulty, marks, negative_marks, content_json, is_active, created_by) VALUES ('b5030001-0001-4001-a001-00000000003B', 'dddddddd-1111-2222-3333-444444444444', 'eeeeeeee-1111-2222-3333-444444444444', 'mcq_single', 'medium', 1, 0, '{"text": "Which currency is used in Japan?"}', true, '8b89adb0-4c6a-4209-924d-89e3216eb59b');
INSERT INTO question_options (id, question_id, option_text, is_correct, display_order) VALUES ('b5030001-a001-4001-a001-00000000003B', 'b5030001-0001-4001-a001-00000000003B', 'Won', false, 1), ('b5030001-a002-4001-a001-00000000003B', 'b5030001-0001-4001-a001-00000000003B', 'Yuan', false, 2), ('b5030001-a003-4001-a001-00000000003B', 'b5030001-0001-4001-a001-00000000003B', 'Yen', true, 3), ('b5030001-a004-4001-a001-00000000003B', 'b5030001-0001-4001-a001-00000000003B', 'Ringgit', false, 4);
INSERT INTO exam_questions (id, exam_section_id, question_id, display_order, marks, negative_marks) VALUES ('b5030001-e001-4001-a001-00000000003B', 'cccccccc-6666-7777-8888-aaaaaaaaaaaa', 'b5030001-0001-4001-a001-00000000003B', 59, 1, 0);

INSERT INTO questions (id, question_bank_id, subject_id, type, difficulty, marks, negative_marks, content_json, is_active, created_by) VALUES ('b5030001-0001-4001-a001-00000000003C', 'dddddddd-1111-2222-3333-444444444444', 'eeeeeeee-1111-2222-3333-444444444444', 'mcq_single', 'medium', 1, 0, '{"text": "The Great Wall of China was primarily built to protect against whom?"}', true, '8b89adb0-4c6a-4209-924d-89e3216eb59b');
INSERT INTO question_options (id, question_id, option_text, is_correct, display_order) VALUES ('b5030001-a001-4001-a001-00000000003C', 'b5030001-0001-4001-a001-00000000003C', 'Romans', false, 1), ('b5030001-a002-4001-a001-00000000003C', 'b5030001-0001-4001-a001-00000000003C', 'Mongols', true, 2), ('b5030001-a003-4001-a001-00000000003C', 'b5030001-0001-4001-a001-00000000003C', 'Persians', false, 3), ('b5030001-a004-4001-a001-00000000003C', 'b5030001-0001-4001-a001-00000000003C', 'British', false, 4);
INSERT INTO exam_questions (id, exam_section_id, question_id, display_order, marks, negative_marks) VALUES ('b5030001-e001-4001-a001-00000000003C', 'cccccccc-6666-7777-8888-aaaaaaaaaaaa', 'b5030001-0001-4001-a001-00000000003C', 60, 1, 0);

COMMIT;
